ImageNumber,ObjectNumber,Metadata_Date,Metadata_FileLocation,Metadata_Frame,Metadata_NR,Metadata_STAIN,Metadata_Series,Metadata_T_NUMBER,Metadata_Xcoord,Metadata_Ycoord,Children_FilterObjects_Count,Location_Center_X,Location_Center_Y,Location_Center_Z,Number_Object_Number,Parent_DAB_object
1,1,20141128,file:/Users/tpeters4/Library/CloudStorage/OneDrive-UMCUtrecht/Documenten/PhD%20Documents/Projecten/SlideToolkit/CellProfiler%20upgrade_study/SMA/summary/AE9.T02-7170.SMA.20141128.X8000.Y26000.normalized.normalized.tile.tissue.png,0,AE9,SMA,0,T02-7170,X8000,Y26000,1,1571.5714285714287,6.628571428571429,0,1,8
1,2,20141128,file:/Users/tpeters4/Library/CloudStorage/OneDrive-UMCUtrecht/Documenten/PhD%20Documents/Projecten/SlideToolkit/CellProfiler%20upgrade_study/SMA/summary/AE9.T02-7170.SMA.20141128.X8000.Y26000.normalized.normalized.tile.tissue.png,0,AE9,SMA,0,T02-7170,X8000,Y26000,0,1921.6209677419354,10.024193548387096,0,2,0
1,3,20141128,file:/Users/tpeters4/Library/CloudStorage/OneDrive-UMCUtrecht/Documenten/PhD%20Documents/Projecten/SlideToolkit/CellProfiler%20upgrade_study/SMA/summary/AE9.T02-7170.SMA.20141128.X8000.Y26000.normalized.normalized.tile.tissue.png,0,AE9,SMA,0,T02-7170,X8000,Y26000,0,1943.8793103448277,6.224137931034483,0,3,0
1,4,20141128,file:/Users/tpeters4/Library/CloudStorage/OneDrive-UMCUtrecht/Documenten/PhD%20Documents/Projecten/SlideToolkit/CellProfiler%20upgrade_study/SMA/summary/AE9.T02-7170.SMA.20141128.X8000.Y26000.normalized.normalized.tile.tissue.png,0,AE9,SMA,0,T02-7170,X8000,Y26000,0,1979.7375,17.1375,0,4,0
1,5,20141128,file:/Users/tpeters4/Library/CloudStorage/OneDrive-UMCUtrecht/Documenten/PhD%20Documents/Projecten/SlideToolkit/CellProfiler%20upgrade_study/SMA/summary/AE9.T02-7170.SMA.20141128.X8000.Y26000.normalized.normalized.tile.tissue.png,0,AE9,SMA,0,T02-7170,X8000,Y26000,1,1792.5652173913043,10.797101449275363,0,5,15
1,6,20141128,file:/Users/tpeters4/Library/CloudStorage/OneDrive-UMCUtrecht/Documenten/PhD%20Documents/Projecten/SlideToolkit/CellProfiler%20upgrade_study/SMA/summary/AE9.T02-7170.SMA.20141128.X8000.Y26000.normalized.normalized.tile.tissue.png,0,AE9,SMA,0,T02-7170,X8000,Y26000,0,1865.175,22.825,0,6,0
1,7,20141128,file:/Users/tpeters4/Library/CloudStorage/OneDrive-UMCUtrecht/Documenten/PhD%20Documents/Projecten/SlideToolkit/CellProfiler%20upgrade_study/SMA/summary/AE9.T02-7170.SMA.20141128.X8000.Y26000.normalized.normalized.tile.tissue.png,0,AE9,SMA,0,T02-7170,X8000,Y26000,0,933.65,25.85,0,7,0
1,8,20141128,file:/Users/tpeters4/Library/CloudStorage/OneDrive-UMCUtrecht/Documenten/PhD%20Documents/Projecten/SlideToolkit/CellProfiler%20upgrade_study/SMA/summary/AE9.T02-7170.SMA.20141128.X8000.Y26000.normalized.normalized.tile.tissue.png,0,AE9,SMA,0,T02-7170,X8000,Y26000,1,1823.0765306122448,27.31122448979592,0,8,25
1,9,20141128,file:/Users/tpeters4/Library/CloudStorage/OneDrive-UMCUtrecht/Documenten/PhD%20Documents/Projecten/SlideToolkit/CellProfiler%20upgrade_study/SMA/summary/AE9.T02-7170.SMA.20141128.X8000.Y26000.normalized.normalized.tile.tissue.png,0,AE9,SMA,0,T02-7170,X8000,Y26000,1,1616.804347826087,25.82608695652174,0,9,27
1,10,20141128,file:/Users/tpeters4/Library/CloudStorage/OneDrive-UMCUtrecht/Documenten/PhD%20Documents/Projecten/SlideToolkit/CellProfiler%20upgrade_study/SMA/summary/AE9.T02-7170.SMA.20141128.X8000.Y26000.normalized.normalized.tile.tissue.png,0,AE9,SMA,0,T02-7170,X8000,Y26000,1,1715.8715596330276,29.128440366972477,0,10,29
1,11,20141128,file:/Users/tpeters4/Library/CloudStorage/OneDrive-UMCUtrecht/Documenten/PhD%20Documents/Projecten/SlideToolkit/CellProfiler%20upgrade_study/SMA/summary/AE9.T02-7170.SMA.20141128.X8000.Y26000.normalized.normalized.tile.tissue.png,0,AE9,SMA,0,T02-7170,X8000,Y26000,0,561.6075949367089,31.632911392405063,0,11,0
1,12,20141128,file:/Users/tpeters4/Library/CloudStorage/OneDrive-UMCUtrecht/Documenten/PhD%20Documents/Projecten/SlideToolkit/CellProfiler%20upgrade_study/SMA/summary/AE9.T02-7170.SMA.20141128.X8000.Y26000.normalized.normalized.tile.tissue.png,0,AE9,SMA,0,T02-7170,X8000,Y26000,0,1764.3684210526317,31.912280701754387,0,12,0
1,13,20141128,file:/Users/tpeters4/Library/CloudStorage/OneDrive-UMCUtrecht/Documenten/PhD%20Documents/Projecten/SlideToolkit/CellProfiler%20upgrade_study/SMA/summary/AE9.T02-7170.SMA.20141128.X8000.Y26000.normalized.normalized.tile.tissue.png,0,AE9,SMA,0,T02-7170,X8000,Y26000,0,1890.6382978723404,34.5531914893617,0,13,0
1,14,20141128,file:/Users/tpeters4/Library/CloudStorage/OneDrive-UMCUtrecht/Documenten/PhD%20Documents/Projecten/SlideToolkit/CellProfiler%20upgrade_study/SMA/summary/AE9.T02-7170.SMA.20141128.X8000.Y26000.normalized.normalized.tile.tissue.png,0,AE9,SMA,0,T02-7170,X8000,Y26000,0,579.4145077720207,43.64248704663213,0,14,0
1,15,20141128,file:/Users/tpeters4/Library/CloudStorage/OneDrive-UMCUtrecht/Documenten/PhD%20Documents/Projecten/SlideToolkit/CellProfiler%20upgrade_study/SMA/summary/AE9.T02-7170.SMA.20141128.X8000.Y26000.normalized.normalized.tile.tissue.png,0,AE9,SMA,0,T02-7170,X8000,Y26000,1,1061.86,36.89,0,15,38
1,16,20141128,file:/Users/tpeters4/Library/CloudStorage/OneDrive-UMCUtrecht/Documenten/PhD%20Documents/Projecten/SlideToolkit/CellProfiler%20upgrade_study/SMA/summary/AE9.T02-7170.SMA.20141128.X8000.Y26000.normalized.normalized.tile.tissue.png,0,AE9,SMA,0,T02-7170,X8000,Y26000,1,1674.8958333333333,33.645833333333336,0,16,32
1,17,20141128,file:/Users/tpeters4/Library/CloudStorage/OneDrive-UMCUtrecht/Documenten/PhD%20Documents/Projecten/SlideToolkit/CellProfiler%20upgrade_study/SMA/summary/AE9.T02-7170.SMA.20141128.X8000.Y26000.normalized.normalized.tile.tissue.png,0,AE9,SMA,0,T02-7170,X8000,Y26000,0,1960.2916666666667,38.0625,0,17,0
1,18,20141128,file:/Users/tpeters4/Library/CloudStorage/OneDrive-UMCUtrecht/Documenten/PhD%20Documents/Projecten/SlideToolkit/CellProfiler%20upgrade_study/SMA/summary/AE9.T02-7170.SMA.20141128.X8000.Y26000.normalized.normalized.tile.tissue.png,0,AE9,SMA,0,T02-7170,X8000,Y26000,0,683.3658536585366,37.19512195121951,0,18,0
1,19,20141128,file:/Users/tpeters4/Library/CloudStorage/OneDrive-UMCUtrecht/Documenten/PhD%20Documents/Projecten/SlideToolkit/CellProfiler%20upgrade_study/SMA/summary/AE9.T02-7170.SMA.20141128.X8000.Y26000.normalized.normalized.tile.tissue.png,0,AE9,SMA,0,T02-7170,X8000,Y26000,1,1013.1219512195122,37.09756097560975,0,19,37
1,20,20141128,file:/Users/tpeters4/Library/CloudStorage/OneDrive-UMCUtrecht/Documenten/PhD%20Documents/Projecten/SlideToolkit/CellProfiler%20upgrade_study/SMA/summary/AE9.T02-7170.SMA.20141128.X8000.Y26000.normalized.normalized.tile.tissue.png,0,AE9,SMA,0,T02-7170,X8000,Y26000,0,20.10989010989011,44.010989010989015,0,20,0
1,21,20141128,file:/Users/tpeters4/Library/CloudStorage/OneDrive-UMCUtrecht/Documenten/PhD%20Documents/Projecten/SlideToolkit/CellProfiler%20upgrade_study/SMA/summary/AE9.T02-7170.SMA.20141128.X8000.Y26000.normalized.normalized.tile.tissue.png,0,AE9,SMA,0,T02-7170,X8000,Y26000,1,726.3586206896551,53.73103448275862,0,21,49
1,22,20141128,file:/Users/tpeters4/Library/CloudStorage/OneDrive-UMCUtrecht/Documenten/PhD%20Documents/Projecten/SlideToolkit/CellProfiler%20upgrade_study/SMA/summary/AE9.T02-7170.SMA.20141128.X8000.Y26000.normalized.normalized.tile.tissue.png,0,AE9,SMA,0,T02-7170,X8000,Y26000,1,1824.1103448275862,48.710344827586205,0,22,48
1,23,20141128,file:/Users/tpeters4/Library/CloudStorage/OneDrive-UMCUtrecht/Documenten/PhD%20Documents/Projecten/SlideToolkit/CellProfiler%20upgrade_study/SMA/summary/AE9.T02-7170.SMA.20141128.X8000.Y26000.normalized.normalized.tile.tissue.png,0,AE9,SMA,0,T02-7170,X8000,Y26000,1,1750.7977528089887,51.853932584269664,0,23,52
1,24,20141128,file:/Users/tpeters4/Library/CloudStorage/OneDrive-UMCUtrecht/Documenten/PhD%20Documents/Projecten/SlideToolkit/CellProfiler%20upgrade_study/SMA/summary/AE9.T02-7170.SMA.20141128.X8000.Y26000.normalized.normalized.tile.tissue.png,0,AE9,SMA,0,T02-7170,X8000,Y26000,1,1624.957627118644,59.847457627118644,0,24,35
1,25,20141128,file:/Users/tpeters4/Library/CloudStorage/OneDrive-UMCUtrecht/Documenten/PhD%20Documents/Projecten/SlideToolkit/CellProfiler%20upgrade_study/SMA/summary/AE9.T02-7170.SMA.20141128.X8000.Y26000.normalized.normalized.tile.tissue.png,0,AE9,SMA,0,T02-7170,X8000,Y26000,0,1985.375,58.535714285714285,0,25,0
1,26,20141128,file:/Users/tpeters4/Library/CloudStorage/OneDrive-UMCUtrecht/Documenten/PhD%20Documents/Projecten/SlideToolkit/CellProfiler%20upgrade_study/SMA/summary/AE9.T02-7170.SMA.20141128.X8000.Y26000.normalized.normalized.tile.tissue.png,0,AE9,SMA,0,T02-7170,X8000,Y26000,0,1924.4772727272727,56.65909090909091,0,26,0
1,27,20141128,file:/Users/tpeters4/Library/CloudStorage/OneDrive-UMCUtrecht/Documenten/PhD%20Documents/Projecten/SlideToolkit/CellProfiler%20upgrade_study/SMA/summary/AE9.T02-7170.SMA.20141128.X8000.Y26000.normalized.normalized.tile.tissue.png,0,AE9,SMA,0,T02-7170,X8000,Y26000,0,1924.5826771653544,73.51574803149606,0,27,0
1,28,20141128,file:/Users/tpeters4/Library/CloudStorage/OneDrive-UMCUtrecht/Documenten/PhD%20Documents/Projecten/SlideToolkit/CellProfiler%20upgrade_study/SMA/summary/AE9.T02-7170.SMA.20141128.X8000.Y26000.normalized.normalized.tile.tissue.png,0,AE9,SMA,0,T02-7170,X8000,Y26000,0,679.1879194630873,65.57718120805369,0,28,0
1,29,20141128,file:/Users/tpeters4/Library/CloudStorage/OneDrive-UMCUtrecht/Documenten/PhD%20Documents/Projecten/SlideToolkit/CellProfiler%20upgrade_study/SMA/summary/AE9.T02-7170.SMA.20141128.X8000.Y26000.normalized.normalized.tile.tissue.png,0,AE9,SMA,0,T02-7170,X8000,Y26000,0,584.232,75.784,0,29,0
1,30,20141128,file:/Users/tpeters4/Library/CloudStorage/OneDrive-UMCUtrecht/Documenten/PhD%20Documents/Projecten/SlideToolkit/CellProfiler%20upgrade_study/SMA/summary/AE9.T02-7170.SMA.20141128.X8000.Y26000.normalized.normalized.tile.tissue.png,0,AE9,SMA,0,T02-7170,X8000,Y26000,0,598.8478260869565,58.76086956521739,0,30,0
1,31,20141128,file:/Users/tpeters4/Library/CloudStorage/OneDrive-UMCUtrecht/Documenten/PhD%20Documents/Projecten/SlideToolkit/CellProfiler%20upgrade_study/SMA/summary/AE9.T02-7170.SMA.20141128.X8000.Y26000.normalized.normalized.tile.tissue.png,0,AE9,SMA,0,T02-7170,X8000,Y26000,0,137.05882352941177,64.76470588235294,0,31,0
1,32,20141128,file:/Users/tpeters4/Library/CloudStorage/OneDrive-UMCUtrecht/Documenten/PhD%20Documents/Projecten/SlideToolkit/CellProfiler%20upgrade_study/SMA/summary/AE9.T02-7170.SMA.20141128.X8000.Y26000.normalized.normalized.tile.tissue.png,0,AE9,SMA,0,T02-7170,X8000,Y26000,0,1806.9622641509434,64.49056603773585,0,32,0
1,33,20141128,file:/Users/tpeters4/Library/CloudStorage/OneDrive-UMCUtrecht/Documenten/PhD%20Documents/Projecten/SlideToolkit/CellProfiler%20upgrade_study/SMA/summary/AE9.T02-7170.SMA.20141128.X8000.Y26000.normalized.normalized.tile.tissue.png,0,AE9,SMA,0,T02-7170,X8000,Y26000,0,813.8269230769231,65.8076923076923,0,33,0
1,34,20141128,file:/Users/tpeters4/Library/CloudStorage/OneDrive-UMCUtrecht/Documenten/PhD%20Documents/Projecten/SlideToolkit/CellProfiler%20upgrade_study/SMA/summary/AE9.T02-7170.SMA.20141128.X8000.Y26000.normalized.normalized.tile.tissue.png,0,AE9,SMA,0,T02-7170,X8000,Y26000,1,1099.0,66.96610169491525,0,34,63
1,35,20141128,file:/Users/tpeters4/Library/CloudStorage/OneDrive-UMCUtrecht/Documenten/PhD%20Documents/Projecten/SlideToolkit/CellProfiler%20upgrade_study/SMA/summary/AE9.T02-7170.SMA.20141128.X8000.Y26000.normalized.normalized.tile.tissue.png,0,AE9,SMA,0,T02-7170,X8000,Y26000,1,1752.2608695652175,66.97826086956522,0,35,43
1,36,20141128,file:/Users/tpeters4/Library/CloudStorage/OneDrive-UMCUtrecht/Documenten/PhD%20Documents/Projecten/SlideToolkit/CellProfiler%20upgrade_study/SMA/summary/AE9.T02-7170.SMA.20141128.X8000.Y26000.normalized.normalized.tile.tissue.png,0,AE9,SMA,0,T02-7170,X8000,Y26000,1,1685.6046511627908,67.23255813953489,0,36,58
1,37,20141128,file:/Users/tpeters4/Library/CloudStorage/OneDrive-UMCUtrecht/Documenten/PhD%20Documents/Projecten/SlideToolkit/CellProfiler%20upgrade_study/SMA/summary/AE9.T02-7170.SMA.20141128.X8000.Y26000.normalized.normalized.tile.tissue.png,0,AE9,SMA,0,T02-7170,X8000,Y26000,1,1981.867724867725,74.9047619047619,0,37,68
1,38,20141128,file:/Users/tpeters4/Library/CloudStorage/OneDrive-UMCUtrecht/Documenten/PhD%20Documents/Projecten/SlideToolkit/CellProfiler%20upgrade_study/SMA/summary/AE9.T02-7170.SMA.20141128.X8000.Y26000.normalized.normalized.tile.tissue.png,0,AE9,SMA,0,T02-7170,X8000,Y26000,0,598.0416666666666,71.875,0,38,0
1,39,20141128,file:/Users/tpeters4/Library/CloudStorage/OneDrive-UMCUtrecht/Documenten/PhD%20Documents/Projecten/SlideToolkit/CellProfiler%20upgrade_study/SMA/summary/AE9.T02-7170.SMA.20141128.X8000.Y26000.normalized.normalized.tile.tissue.png,0,AE9,SMA,0,T02-7170,X8000,Y26000,0,246.74358974358975,76.2051282051282,0,39,0
1,40,20141128,file:/Users/tpeters4/Library/CloudStorage/OneDrive-UMCUtrecht/Documenten/PhD%20Documents/Projecten/SlideToolkit/CellProfiler%20upgrade_study/SMA/summary/AE9.T02-7170.SMA.20141128.X8000.Y26000.normalized.normalized.tile.tissue.png,0,AE9,SMA,0,T02-7170,X8000,Y26000,0,807.0,79.05357142857143,0,40,0
1,41,20141128,file:/Users/tpeters4/Library/CloudStorage/OneDrive-UMCUtrecht/Documenten/PhD%20Documents/Projecten/SlideToolkit/CellProfiler%20upgrade_study/SMA/summary/AE9.T02-7170.SMA.20141128.X8000.Y26000.normalized.normalized.tile.tissue.png,0,AE9,SMA,0,T02-7170,X8000,Y26000,0,1655.9818181818182,81.49090909090908,0,41,0
1,42,20141128,file:/Users/tpeters4/Library/CloudStorage/OneDrive-UMCUtrecht/Documenten/PhD%20Documents/Projecten/SlideToolkit/CellProfiler%20upgrade_study/SMA/summary/AE9.T02-7170.SMA.20141128.X8000.Y26000.normalized.normalized.tile.tissue.png,0,AE9,SMA,0,T02-7170,X8000,Y26000,0,613.2089552238806,87.76119402985074,0,42,0
1,43,20141128,file:/Users/tpeters4/Library/CloudStorage/OneDrive-UMCUtrecht/Documenten/PhD%20Documents/Projecten/SlideToolkit/CellProfiler%20upgrade_study/SMA/summary/AE9.T02-7170.SMA.20141128.X8000.Y26000.normalized.normalized.tile.tissue.png,0,AE9,SMA,0,T02-7170,X8000,Y26000,0,663.1904761904761,94.7936507936508,0,43,0
1,44,20141128,file:/Users/tpeters4/Library/CloudStorage/OneDrive-UMCUtrecht/Documenten/PhD%20Documents/Projecten/SlideToolkit/CellProfiler%20upgrade_study/SMA/summary/AE9.T02-7170.SMA.20141128.X8000.Y26000.normalized.normalized.tile.tissue.png,0,AE9,SMA,0,T02-7170,X8000,Y26000,0,1892.8208955223881,103.17910447761194,0,44,0
1,45,20141128,file:/Users/tpeters4/Library/CloudStorage/OneDrive-UMCUtrecht/Documenten/PhD%20Documents/Projecten/SlideToolkit/CellProfiler%20upgrade_study/SMA/summary/AE9.T02-7170.SMA.20141128.X8000.Y26000.normalized.normalized.tile.tissue.png,0,AE9,SMA,0,T02-7170,X8000,Y26000,0,583.1397849462365,103.43010752688173,0,45,0
1,46,20141128,file:/Users/tpeters4/Library/CloudStorage/OneDrive-UMCUtrecht/Documenten/PhD%20Documents/Projecten/SlideToolkit/CellProfiler%20upgrade_study/SMA/summary/AE9.T02-7170.SMA.20141128.X8000.Y26000.normalized.normalized.tile.tissue.png,0,AE9,SMA,0,T02-7170,X8000,Y26000,0,1568.5813953488373,101.30232558139535,0,46,0
1,47,20141128,file:/Users/tpeters4/Library/CloudStorage/OneDrive-UMCUtrecht/Documenten/PhD%20Documents/Projecten/SlideToolkit/CellProfiler%20upgrade_study/SMA/summary/AE9.T02-7170.SMA.20141128.X8000.Y26000.normalized.normalized.tile.tissue.png,0,AE9,SMA,0,T02-7170,X8000,Y26000,1,1827.6125,104.7625,0,47,90
1,48,20141128,file:/Users/tpeters4/Library/CloudStorage/OneDrive-UMCUtrecht/Documenten/PhD%20Documents/Projecten/SlideToolkit/CellProfiler%20upgrade_study/SMA/summary/AE9.T02-7170.SMA.20141128.X8000.Y26000.normalized.normalized.tile.tissue.png,0,AE9,SMA,0,T02-7170,X8000,Y26000,0,1806.5714285714287,100.4047619047619,0,48,0
1,49,20141128,file:/Users/tpeters4/Library/CloudStorage/OneDrive-UMCUtrecht/Documenten/PhD%20Documents/Projecten/SlideToolkit/CellProfiler%20upgrade_study/SMA/summary/AE9.T02-7170.SMA.20141128.X8000.Y26000.normalized.normalized.tile.tissue.png,0,AE9,SMA,0,T02-7170,X8000,Y26000,0,1260.0212765957447,103.34042553191489,0,49,0
1,50,20141128,file:/Users/tpeters4/Library/CloudStorage/OneDrive-UMCUtrecht/Documenten/PhD%20Documents/Projecten/SlideToolkit/CellProfiler%20upgrade_study/SMA/summary/AE9.T02-7170.SMA.20141128.X8000.Y26000.normalized.normalized.tile.tissue.png,0,AE9,SMA,0,T02-7170,X8000,Y26000,0,870.66,105.36,0,50,0
1,51,20141128,file:/Users/tpeters4/Library/CloudStorage/OneDrive-UMCUtrecht/Documenten/PhD%20Documents/Projecten/SlideToolkit/CellProfiler%20upgrade_study/SMA/summary/AE9.T02-7170.SMA.20141128.X8000.Y26000.normalized.normalized.tile.tissue.png,0,AE9,SMA,0,T02-7170,X8000,Y26000,1,1991.6935483870968,111.1774193548387,0,51,96
1,52,20141128,file:/Users/tpeters4/Library/CloudStorage/OneDrive-UMCUtrecht/Documenten/PhD%20Documents/Projecten/SlideToolkit/CellProfiler%20upgrade_study/SMA/summary/AE9.T02-7170.SMA.20141128.X8000.Y26000.normalized.normalized.tile.tissue.png,0,AE9,SMA,0,T02-7170,X8000,Y26000,1,1976.5442477876106,118.39823008849558,0,52,96
1,53,20141128,file:/Users/tpeters4/Library/CloudStorage/OneDrive-UMCUtrecht/Documenten/PhD%20Documents/Projecten/SlideToolkit/CellProfiler%20upgrade_study/SMA/summary/AE9.T02-7170.SMA.20141128.X8000.Y26000.normalized.normalized.tile.tissue.png,0,AE9,SMA,0,T02-7170,X8000,Y26000,0,891.0190476190476,114.25714285714285,0,53,0
1,54,20141128,file:/Users/tpeters4/Library/CloudStorage/OneDrive-UMCUtrecht/Documenten/PhD%20Documents/Projecten/SlideToolkit/CellProfiler%20upgrade_study/SMA/summary/AE9.T02-7170.SMA.20141128.X8000.Y26000.normalized.normalized.tile.tissue.png,0,AE9,SMA,0,T02-7170,X8000,Y26000,0,373.8363636363636,113.43636363636364,0,54,0
1,55,20141128,file:/Users/tpeters4/Library/CloudStorage/OneDrive-UMCUtrecht/Documenten/PhD%20Documents/Projecten/SlideToolkit/CellProfiler%20upgrade_study/SMA/summary/AE9.T02-7170.SMA.20141128.X8000.Y26000.normalized.normalized.tile.tissue.png,0,AE9,SMA,0,T02-7170,X8000,Y26000,0,661.6621621621622,124.20270270270271,0,55,0
1,56,20141128,file:/Users/tpeters4/Library/CloudStorage/OneDrive-UMCUtrecht/Documenten/PhD%20Documents/Projecten/SlideToolkit/CellProfiler%20upgrade_study/SMA/summary/AE9.T02-7170.SMA.20141128.X8000.Y26000.normalized.normalized.tile.tissue.png,0,AE9,SMA,0,T02-7170,X8000,Y26000,0,1761.3243243243244,121.54054054054055,0,56,0
1,57,20141128,file:/Users/tpeters4/Library/CloudStorage/OneDrive-UMCUtrecht/Documenten/PhD%20Documents/Projecten/SlideToolkit/CellProfiler%20upgrade_study/SMA/summary/AE9.T02-7170.SMA.20141128.X8000.Y26000.normalized.normalized.tile.tissue.png,0,AE9,SMA,0,T02-7170,X8000,Y26000,0,1626.5098039215686,121.29411764705883,0,57,0
1,58,20141128,file:/Users/tpeters4/Library/CloudStorage/OneDrive-UMCUtrecht/Documenten/PhD%20Documents/Projecten/SlideToolkit/CellProfiler%20upgrade_study/SMA/summary/AE9.T02-7170.SMA.20141128.X8000.Y26000.normalized.normalized.tile.tissue.png,0,AE9,SMA,0,T02-7170,X8000,Y26000,0,578.9320388349514,124.12621359223301,0,58,0
1,59,20141128,file:/Users/tpeters4/Library/CloudStorage/OneDrive-UMCUtrecht/Documenten/PhD%20Documents/Projecten/SlideToolkit/CellProfiler%20upgrade_study/SMA/summary/AE9.T02-7170.SMA.20141128.X8000.Y26000.normalized.normalized.tile.tissue.png,0,AE9,SMA,0,T02-7170,X8000,Y26000,0,1897.5942028985507,121.8695652173913,0,59,0
1,60,20141128,file:/Users/tpeters4/Library/CloudStorage/OneDrive-UMCUtrecht/Documenten/PhD%20Documents/Projecten/SlideToolkit/CellProfiler%20upgrade_study/SMA/summary/AE9.T02-7170.SMA.20141128.X8000.Y26000.normalized.normalized.tile.tissue.png,0,AE9,SMA,0,T02-7170,X8000,Y26000,1,1634.875,123.01785714285714,0,60,8
1,61,20141128,file:/Users/tpeters4/Library/CloudStorage/OneDrive-UMCUtrecht/Documenten/PhD%20Documents/Projecten/SlideToolkit/CellProfiler%20upgrade_study/SMA/summary/AE9.T02-7170.SMA.20141128.X8000.Y26000.normalized.normalized.tile.tissue.png,0,AE9,SMA,0,T02-7170,X8000,Y26000,1,1708.6933333333334,127.48,0,61,35
1,62,20141128,file:/Users/tpeters4/Library/CloudStorage/OneDrive-UMCUtrecht/Documenten/PhD%20Documents/Projecten/SlideToolkit/CellProfiler%20upgrade_study/SMA/summary/AE9.T02-7170.SMA.20141128.X8000.Y26000.normalized.normalized.tile.tissue.png,0,AE9,SMA,0,T02-7170,X8000,Y26000,0,1977.6456310679612,144.32038834951456,0,62,0
1,63,20141128,file:/Users/tpeters4/Library/CloudStorage/OneDrive-UMCUtrecht/Documenten/PhD%20Documents/Projecten/SlideToolkit/CellProfiler%20upgrade_study/SMA/summary/AE9.T02-7170.SMA.20141128.X8000.Y26000.normalized.normalized.tile.tissue.png,0,AE9,SMA,0,T02-7170,X8000,Y26000,0,1159.877192982456,128.89473684210526,0,63,0
1,64,20141128,file:/Users/tpeters4/Library/CloudStorage/OneDrive-UMCUtrecht/Documenten/PhD%20Documents/Projecten/SlideToolkit/CellProfiler%20upgrade_study/SMA/summary/AE9.T02-7170.SMA.20141128.X8000.Y26000.normalized.normalized.tile.tissue.png,0,AE9,SMA,0,T02-7170,X8000,Y26000,0,1438.0188679245282,135.69811320754718,0,64,0
1,65,20141128,file:/Users/tpeters4/Library/CloudStorage/OneDrive-UMCUtrecht/Documenten/PhD%20Documents/Projecten/SlideToolkit/CellProfiler%20upgrade_study/SMA/summary/AE9.T02-7170.SMA.20141128.X8000.Y26000.normalized.normalized.tile.tissue.png,0,AE9,SMA,0,T02-7170,X8000,Y26000,0,314.73333333333335,137.05555555555554,0,65,0
1,66,20141128,file:/Users/tpeters4/Library/CloudStorage/OneDrive-UMCUtrecht/Documenten/PhD%20Documents/Projecten/SlideToolkit/CellProfiler%20upgrade_study/SMA/summary/AE9.T02-7170.SMA.20141128.X8000.Y26000.normalized.normalized.tile.tissue.png,0,AE9,SMA,0,T02-7170,X8000,Y26000,0,1173.1176470588234,132.6078431372549,0,66,0
1,67,20141128,file:/Users/tpeters4/Library/CloudStorage/OneDrive-UMCUtrecht/Documenten/PhD%20Documents/Projecten/SlideToolkit/CellProfiler%20upgrade_study/SMA/summary/AE9.T02-7170.SMA.20141128.X8000.Y26000.normalized.normalized.tile.tissue.png,0,AE9,SMA,0,T02-7170,X8000,Y26000,0,1446.8,133.5076923076923,0,67,0
1,68,20141128,file:/Users/tpeters4/Library/CloudStorage/OneDrive-UMCUtrecht/Documenten/PhD%20Documents/Projecten/SlideToolkit/CellProfiler%20upgrade_study/SMA/summary/AE9.T02-7170.SMA.20141128.X8000.Y26000.normalized.normalized.tile.tissue.png,0,AE9,SMA,0,T02-7170,X8000,Y26000,0,919.3026315789474,137.27631578947367,0,68,0
1,69,20141128,file:/Users/tpeters4/Library/CloudStorage/OneDrive-UMCUtrecht/Documenten/PhD%20Documents/Projecten/SlideToolkit/CellProfiler%20upgrade_study/SMA/summary/AE9.T02-7170.SMA.20141128.X8000.Y26000.normalized.normalized.tile.tissue.png,0,AE9,SMA,0,T02-7170,X8000,Y26000,1,1741.5098039215686,140.15686274509804,0,69,94
1,70,20141128,file:/Users/tpeters4/Library/CloudStorage/OneDrive-UMCUtrecht/Documenten/PhD%20Documents/Projecten/SlideToolkit/CellProfiler%20upgrade_study/SMA/summary/AE9.T02-7170.SMA.20141128.X8000.Y26000.normalized.normalized.tile.tissue.png,0,AE9,SMA,0,T02-7170,X8000,Y26000,0,1647.4246575342465,142.75342465753425,0,70,0
1,71,20141128,file:/Users/tpeters4/Library/CloudStorage/OneDrive-UMCUtrecht/Documenten/PhD%20Documents/Projecten/SlideToolkit/CellProfiler%20upgrade_study/SMA/summary/AE9.T02-7170.SMA.20141128.X8000.Y26000.normalized.normalized.tile.tissue.png,0,AE9,SMA,0,T02-7170,X8000,Y26000,1,339.56944444444446,148.04166666666666,0,71,130
1,72,20141128,file:/Users/tpeters4/Library/CloudStorage/OneDrive-UMCUtrecht/Documenten/PhD%20Documents/Projecten/SlideToolkit/CellProfiler%20upgrade_study/SMA/summary/AE9.T02-7170.SMA.20141128.X8000.Y26000.normalized.normalized.tile.tissue.png,0,AE9,SMA,0,T02-7170,X8000,Y26000,0,1110.72131147541,155.64754098360655,0,72,0
1,73,20141128,file:/Users/tpeters4/Library/CloudStorage/OneDrive-UMCUtrecht/Documenten/PhD%20Documents/Projecten/SlideToolkit/CellProfiler%20upgrade_study/SMA/summary/AE9.T02-7170.SMA.20141128.X8000.Y26000.normalized.normalized.tile.tissue.png,0,AE9,SMA,0,T02-7170,X8000,Y26000,1,1804.8,159.05714285714285,0,73,126
1,74,20141128,file:/Users/tpeters4/Library/CloudStorage/OneDrive-UMCUtrecht/Documenten/PhD%20Documents/Projecten/SlideToolkit/CellProfiler%20upgrade_study/SMA/summary/AE9.T02-7170.SMA.20141128.X8000.Y26000.normalized.normalized.tile.tissue.png,0,AE9,SMA,0,T02-7170,X8000,Y26000,1,251.6,159.7,0,74,107
1,75,20141128,file:/Users/tpeters4/Library/CloudStorage/OneDrive-UMCUtrecht/Documenten/PhD%20Documents/Projecten/SlideToolkit/CellProfiler%20upgrade_study/SMA/summary/AE9.T02-7170.SMA.20141128.X8000.Y26000.normalized.normalized.tile.tissue.png,0,AE9,SMA,0,T02-7170,X8000,Y26000,1,593.0793650793651,162.33333333333334,0,75,120
1,76,20141128,file:/Users/tpeters4/Library/CloudStorage/OneDrive-UMCUtrecht/Documenten/PhD%20Documents/Projecten/SlideToolkit/CellProfiler%20upgrade_study/SMA/summary/AE9.T02-7170.SMA.20141128.X8000.Y26000.normalized.normalized.tile.tissue.png,0,AE9,SMA,0,T02-7170,X8000,Y26000,0,543.9615384615385,167.84615384615384,0,76,0
1,77,20141128,file:/Users/tpeters4/Library/CloudStorage/OneDrive-UMCUtrecht/Documenten/PhD%20Documents/Projecten/SlideToolkit/CellProfiler%20upgrade_study/SMA/summary/AE9.T02-7170.SMA.20141128.X8000.Y26000.normalized.normalized.tile.tissue.png,0,AE9,SMA,0,T02-7170,X8000,Y26000,0,1600.9019607843138,169.41176470588235,0,77,0
1,78,20141128,file:/Users/tpeters4/Library/CloudStorage/OneDrive-UMCUtrecht/Documenten/PhD%20Documents/Projecten/SlideToolkit/CellProfiler%20upgrade_study/SMA/summary/AE9.T02-7170.SMA.20141128.X8000.Y26000.normalized.normalized.tile.tissue.png,0,AE9,SMA,0,T02-7170,X8000,Y26000,1,1647.3898305084747,175.05084745762713,0,78,137
1,79,20141128,file:/Users/tpeters4/Library/CloudStorage/OneDrive-UMCUtrecht/Documenten/PhD%20Documents/Projecten/SlideToolkit/CellProfiler%20upgrade_study/SMA/summary/AE9.T02-7170.SMA.20141128.X8000.Y26000.normalized.normalized.tile.tissue.png,0,AE9,SMA,0,T02-7170,X8000,Y26000,0,553.3809523809524,174.35714285714286,0,79,0
1,80,20141128,file:/Users/tpeters4/Library/CloudStorage/OneDrive-UMCUtrecht/Documenten/PhD%20Documents/Projecten/SlideToolkit/CellProfiler%20upgrade_study/SMA/summary/AE9.T02-7170.SMA.20141128.X8000.Y26000.normalized.normalized.tile.tissue.png,0,AE9,SMA,0,T02-7170,X8000,Y26000,1,1195.7755102040817,175.79591836734693,0,80,155
1,81,20141128,file:/Users/tpeters4/Library/CloudStorage/OneDrive-UMCUtrecht/Documenten/PhD%20Documents/Projecten/SlideToolkit/CellProfiler%20upgrade_study/SMA/summary/AE9.T02-7170.SMA.20141128.X8000.Y26000.normalized.normalized.tile.tissue.png,0,AE9,SMA,0,T02-7170,X8000,Y26000,0,1213.1076923076923,185.09230769230768,0,81,0
1,82,20141128,file:/Users/tpeters4/Library/CloudStorage/OneDrive-UMCUtrecht/Documenten/PhD%20Documents/Projecten/SlideToolkit/CellProfiler%20upgrade_study/SMA/summary/AE9.T02-7170.SMA.20141128.X8000.Y26000.normalized.normalized.tile.tissue.png,0,AE9,SMA,0,T02-7170,X8000,Y26000,0,1539.0833333333333,191.96296296296296,0,82,0
1,83,20141128,file:/Users/tpeters4/Library/CloudStorage/OneDrive-UMCUtrecht/Documenten/PhD%20Documents/Projecten/SlideToolkit/CellProfiler%20upgrade_study/SMA/summary/AE9.T02-7170.SMA.20141128.X8000.Y26000.normalized.normalized.tile.tissue.png,0,AE9,SMA,0,T02-7170,X8000,Y26000,1,594.2131147540983,192.1639344262295,0,83,120
1,84,20141128,file:/Users/tpeters4/Library/CloudStorage/OneDrive-UMCUtrecht/Documenten/PhD%20Documents/Projecten/SlideToolkit/CellProfiler%20upgrade_study/SMA/summary/AE9.T02-7170.SMA.20141128.X8000.Y26000.normalized.normalized.tile.tissue.png,0,AE9,SMA,0,T02-7170,X8000,Y26000,1,204.6829268292683,204.97560975609755,0,84,159
1,85,20141128,file:/Users/tpeters4/Library/CloudStorage/OneDrive-UMCUtrecht/Documenten/PhD%20Documents/Projecten/SlideToolkit/CellProfiler%20upgrade_study/SMA/summary/AE9.T02-7170.SMA.20141128.X8000.Y26000.normalized.normalized.tile.tissue.png,0,AE9,SMA,0,T02-7170,X8000,Y26000,1,1684.893203883495,206.16504854368932,0,85,103
1,86,20141128,file:/Users/tpeters4/Library/CloudStorage/OneDrive-UMCUtrecht/Documenten/PhD%20Documents/Projecten/SlideToolkit/CellProfiler%20upgrade_study/SMA/summary/AE9.T02-7170.SMA.20141128.X8000.Y26000.normalized.normalized.tile.tissue.png,0,AE9,SMA,0,T02-7170,X8000,Y26000,1,88.5,208.5,0,86,163
1,87,20141128,file:/Users/tpeters4/Library/CloudStorage/OneDrive-UMCUtrecht/Documenten/PhD%20Documents/Projecten/SlideToolkit/CellProfiler%20upgrade_study/SMA/summary/AE9.T02-7170.SMA.20141128.X8000.Y26000.normalized.normalized.tile.tissue.png,0,AE9,SMA,0,T02-7170,X8000,Y26000,0,1917.445945945946,214.83783783783784,0,87,0
1,88,20141128,file:/Users/tpeters4/Library/CloudStorage/OneDrive-UMCUtrecht/Documenten/PhD%20Documents/Projecten/SlideToolkit/CellProfiler%20upgrade_study/SMA/summary/AE9.T02-7170.SMA.20141128.X8000.Y26000.normalized.normalized.tile.tissue.png,0,AE9,SMA,0,T02-7170,X8000,Y26000,0,14.590909090909092,225.0681818181818,0,88,0
1,89,20141128,file:/Users/tpeters4/Library/CloudStorage/OneDrive-UMCUtrecht/Documenten/PhD%20Documents/Projecten/SlideToolkit/CellProfiler%20upgrade_study/SMA/summary/AE9.T02-7170.SMA.20141128.X8000.Y26000.normalized.normalized.tile.tissue.png,0,AE9,SMA,0,T02-7170,X8000,Y26000,0,1367.1774193548388,235.2258064516129,0,89,0
1,90,20141128,file:/Users/tpeters4/Library/CloudStorage/OneDrive-UMCUtrecht/Documenten/PhD%20Documents/Projecten/SlideToolkit/CellProfiler%20upgrade_study/SMA/summary/AE9.T02-7170.SMA.20141128.X8000.Y26000.normalized.normalized.tile.tissue.png,0,AE9,SMA,0,T02-7170,X8000,Y26000,0,633.0208333333334,237.39583333333334,0,90,0
1,91,20141128,file:/Users/tpeters4/Library/CloudStorage/OneDrive-UMCUtrecht/Documenten/PhD%20Documents/Projecten/SlideToolkit/CellProfiler%20upgrade_study/SMA/summary/AE9.T02-7170.SMA.20141128.X8000.Y26000.normalized.normalized.tile.tissue.png,0,AE9,SMA,0,T02-7170,X8000,Y26000,1,577.2330097087379,254.75728155339806,0,91,120
1,92,20141128,file:/Users/tpeters4/Library/CloudStorage/OneDrive-UMCUtrecht/Documenten/PhD%20Documents/Projecten/SlideToolkit/CellProfiler%20upgrade_study/SMA/summary/AE9.T02-7170.SMA.20141128.X8000.Y26000.normalized.normalized.tile.tissue.png,0,AE9,SMA,0,T02-7170,X8000,Y26000,0,158.90243902439025,259.4878048780488,0,92,0
1,93,20141128,file:/Users/tpeters4/Library/CloudStorage/OneDrive-UMCUtrecht/Documenten/PhD%20Documents/Projecten/SlideToolkit/CellProfiler%20upgrade_study/SMA/summary/AE9.T02-7170.SMA.20141128.X8000.Y26000.normalized.normalized.tile.tissue.png,0,AE9,SMA,0,T02-7170,X8000,Y26000,1,565.3205128205128,257.2692307692308,0,93,216
1,94,20141128,file:/Users/tpeters4/Library/CloudStorage/OneDrive-UMCUtrecht/Documenten/PhD%20Documents/Projecten/SlideToolkit/CellProfiler%20upgrade_study/SMA/summary/AE9.T02-7170.SMA.20141128.X8000.Y26000.normalized.normalized.tile.tissue.png,0,AE9,SMA,0,T02-7170,X8000,Y26000,0,601.525,269.075,0,94,0
1,95,20141128,file:/Users/tpeters4/Library/CloudStorage/OneDrive-UMCUtrecht/Documenten/PhD%20Documents/Projecten/SlideToolkit/CellProfiler%20upgrade_study/SMA/summary/AE9.T02-7170.SMA.20141128.X8000.Y26000.normalized.normalized.tile.tissue.png,0,AE9,SMA,0,T02-7170,X8000,Y26000,1,563.2553191489362,292.3404255319149,0,95,208
1,96,20141128,file:/Users/tpeters4/Library/CloudStorage/OneDrive-UMCUtrecht/Documenten/PhD%20Documents/Projecten/SlideToolkit/CellProfiler%20upgrade_study/SMA/summary/AE9.T02-7170.SMA.20141128.X8000.Y26000.normalized.normalized.tile.tissue.png,0,AE9,SMA,0,T02-7170,X8000,Y26000,0,143.7560975609756,301.0731707317073,0,96,0
1,97,20141128,file:/Users/tpeters4/Library/CloudStorage/OneDrive-UMCUtrecht/Documenten/PhD%20Documents/Projecten/SlideToolkit/CellProfiler%20upgrade_study/SMA/summary/AE9.T02-7170.SMA.20141128.X8000.Y26000.normalized.normalized.tile.tissue.png,0,AE9,SMA,0,T02-7170,X8000,Y26000,1,1887.8292682926829,307.4756097560976,0,97,228
1,98,20141128,file:/Users/tpeters4/Library/CloudStorage/OneDrive-UMCUtrecht/Documenten/PhD%20Documents/Projecten/SlideToolkit/CellProfiler%20upgrade_study/SMA/summary/AE9.T02-7170.SMA.20141128.X8000.Y26000.normalized.normalized.tile.tissue.png,0,AE9,SMA,0,T02-7170,X8000,Y26000,1,1983.857142857143,311.97402597402595,0,98,241
1,99,20141128,file:/Users/tpeters4/Library/CloudStorage/OneDrive-UMCUtrecht/Documenten/PhD%20Documents/Projecten/SlideToolkit/CellProfiler%20upgrade_study/SMA/summary/AE9.T02-7170.SMA.20141128.X8000.Y26000.normalized.normalized.tile.tissue.png,0,AE9,SMA,0,T02-7170,X8000,Y26000,1,333.75925925925924,318.18518518518516,0,99,248
1,100,20141128,file:/Users/tpeters4/Library/CloudStorage/OneDrive-UMCUtrecht/Documenten/PhD%20Documents/Projecten/SlideToolkit/CellProfiler%20upgrade_study/SMA/summary/AE9.T02-7170.SMA.20141128.X8000.Y26000.normalized.normalized.tile.tissue.png,0,AE9,SMA,0,T02-7170,X8000,Y26000,0,685.695652173913,318.60869565217394,0,100,0
1,101,20141128,file:/Users/tpeters4/Library/CloudStorage/OneDrive-UMCUtrecht/Documenten/PhD%20Documents/Projecten/SlideToolkit/CellProfiler%20upgrade_study/SMA/summary/AE9.T02-7170.SMA.20141128.X8000.Y26000.normalized.normalized.tile.tissue.png,0,AE9,SMA,0,T02-7170,X8000,Y26000,1,1108.5,319.6666666666667,0,101,272
1,102,20141128,file:/Users/tpeters4/Library/CloudStorage/OneDrive-UMCUtrecht/Documenten/PhD%20Documents/Projecten/SlideToolkit/CellProfiler%20upgrade_study/SMA/summary/AE9.T02-7170.SMA.20141128.X8000.Y26000.normalized.normalized.tile.tissue.png,0,AE9,SMA,0,T02-7170,X8000,Y26000,0,1981.5125,332.2875,0,102,0
1,103,20141128,file:/Users/tpeters4/Library/CloudStorage/OneDrive-UMCUtrecht/Documenten/PhD%20Documents/Projecten/SlideToolkit/CellProfiler%20upgrade_study/SMA/summary/AE9.T02-7170.SMA.20141128.X8000.Y26000.normalized.normalized.tile.tissue.png,0,AE9,SMA,0,T02-7170,X8000,Y26000,1,1974.7641509433963,353.5188679245283,0,103,241
1,104,20141128,file:/Users/tpeters4/Library/CloudStorage/OneDrive-UMCUtrecht/Documenten/PhD%20Documents/Projecten/SlideToolkit/CellProfiler%20upgrade_study/SMA/summary/AE9.T02-7170.SMA.20141128.X8000.Y26000.normalized.normalized.tile.tissue.png,0,AE9,SMA,0,T02-7170,X8000,Y26000,1,1933.5869565217392,353.32608695652175,0,104,282
1,105,20141128,file:/Users/tpeters4/Library/CloudStorage/OneDrive-UMCUtrecht/Documenten/PhD%20Documents/Projecten/SlideToolkit/CellProfiler%20upgrade_study/SMA/summary/AE9.T02-7170.SMA.20141128.X8000.Y26000.normalized.normalized.tile.tissue.png,0,AE9,SMA,0,T02-7170,X8000,Y26000,0,159.4512195121951,365.390243902439,0,105,0
1,106,20141128,file:/Users/tpeters4/Library/CloudStorage/OneDrive-UMCUtrecht/Documenten/PhD%20Documents/Projecten/SlideToolkit/CellProfiler%20upgrade_study/SMA/summary/AE9.T02-7170.SMA.20141128.X8000.Y26000.normalized.normalized.tile.tissue.png,0,AE9,SMA,0,T02-7170,X8000,Y26000,0,269.55,367.475,0,106,0
1,107,20141128,file:/Users/tpeters4/Library/CloudStorage/OneDrive-UMCUtrecht/Documenten/PhD%20Documents/Projecten/SlideToolkit/CellProfiler%20upgrade_study/SMA/summary/AE9.T02-7170.SMA.20141128.X8000.Y26000.normalized.normalized.tile.tissue.png,0,AE9,SMA,0,T02-7170,X8000,Y26000,0,887.255033557047,372.0469798657718,0,107,0
1,108,20141128,file:/Users/tpeters4/Library/CloudStorage/OneDrive-UMCUtrecht/Documenten/PhD%20Documents/Projecten/SlideToolkit/CellProfiler%20upgrade_study/SMA/summary/AE9.T02-7170.SMA.20141128.X8000.Y26000.normalized.normalized.tile.tissue.png,0,AE9,SMA,0,T02-7170,X8000,Y26000,0,1500.8867924528302,371.1698113207547,0,108,0
1,109,20141128,file:/Users/tpeters4/Library/CloudStorage/OneDrive-UMCUtrecht/Documenten/PhD%20Documents/Projecten/SlideToolkit/CellProfiler%20upgrade_study/SMA/summary/AE9.T02-7170.SMA.20141128.X8000.Y26000.normalized.normalized.tile.tissue.png,0,AE9,SMA,0,T02-7170,X8000,Y26000,1,559.3333333333334,379.05263157894734,0,109,321
1,110,20141128,file:/Users/tpeters4/Library/CloudStorage/OneDrive-UMCUtrecht/Documenten/PhD%20Documents/Projecten/SlideToolkit/CellProfiler%20upgrade_study/SMA/summary/AE9.T02-7170.SMA.20141128.X8000.Y26000.normalized.normalized.tile.tissue.png,0,AE9,SMA,0,T02-7170,X8000,Y26000,0,1692.015873015873,377.6031746031746,0,110,0
1,111,20141128,file:/Users/tpeters4/Library/CloudStorage/OneDrive-UMCUtrecht/Documenten/PhD%20Documents/Projecten/SlideToolkit/CellProfiler%20upgrade_study/SMA/summary/AE9.T02-7170.SMA.20141128.X8000.Y26000.normalized.normalized.tile.tissue.png,0,AE9,SMA,0,T02-7170,X8000,Y26000,0,80.70588235294117,382.45098039215685,0,111,0
1,112,20141128,file:/Users/tpeters4/Library/CloudStorage/OneDrive-UMCUtrecht/Documenten/PhD%20Documents/Projecten/SlideToolkit/CellProfiler%20upgrade_study/SMA/summary/AE9.T02-7170.SMA.20141128.X8000.Y26000.normalized.normalized.tile.tissue.png,0,AE9,SMA,0,T02-7170,X8000,Y26000,0,79.06,389.2,0,112,0
1,113,20141128,file:/Users/tpeters4/Library/CloudStorage/OneDrive-UMCUtrecht/Documenten/PhD%20Documents/Projecten/SlideToolkit/CellProfiler%20upgrade_study/SMA/summary/AE9.T02-7170.SMA.20141128.X8000.Y26000.normalized.normalized.tile.tissue.png,0,AE9,SMA,0,T02-7170,X8000,Y26000,1,1761.1560283687943,403.3404255319149,0,113,322
1,114,20141128,file:/Users/tpeters4/Library/CloudStorage/OneDrive-UMCUtrecht/Documenten/PhD%20Documents/Projecten/SlideToolkit/CellProfiler%20upgrade_study/SMA/summary/AE9.T02-7170.SMA.20141128.X8000.Y26000.normalized.normalized.tile.tissue.png,0,AE9,SMA,0,T02-7170,X8000,Y26000,0,17.60810810810811,390.9054054054054,0,114,0
1,115,20141128,file:/Users/tpeters4/Library/CloudStorage/OneDrive-UMCUtrecht/Documenten/PhD%20Documents/Projecten/SlideToolkit/CellProfiler%20upgrade_study/SMA/summary/AE9.T02-7170.SMA.20141128.X8000.Y26000.normalized.normalized.tile.tissue.png,0,AE9,SMA,0,T02-7170,X8000,Y26000,0,628.6034482758621,390.5344827586207,0,115,0
1,116,20141128,file:/Users/tpeters4/Library/CloudStorage/OneDrive-UMCUtrecht/Documenten/PhD%20Documents/Projecten/SlideToolkit/CellProfiler%20upgrade_study/SMA/summary/AE9.T02-7170.SMA.20141128.X8000.Y26000.normalized.normalized.tile.tissue.png,0,AE9,SMA,0,T02-7170,X8000,Y26000,1,1888.9406779661017,396.22033898305085,0,116,346
1,117,20141128,file:/Users/tpeters4/Library/CloudStorage/OneDrive-UMCUtrecht/Documenten/PhD%20Documents/Projecten/SlideToolkit/CellProfiler%20upgrade_study/SMA/summary/AE9.T02-7170.SMA.20141128.X8000.Y26000.normalized.normalized.tile.tissue.png,0,AE9,SMA,0,T02-7170,X8000,Y26000,1,1495.4634146341464,394.9756097560976,0,117,331
1,118,20141128,file:/Users/tpeters4/Library/CloudStorage/OneDrive-UMCUtrecht/Documenten/PhD%20Documents/Projecten/SlideToolkit/CellProfiler%20upgrade_study/SMA/summary/AE9.T02-7170.SMA.20141128.X8000.Y26000.normalized.normalized.tile.tissue.png,0,AE9,SMA,0,T02-7170,X8000,Y26000,0,140.89655172413794,400.2586206896552,0,118,0
1,119,20141128,file:/Users/tpeters4/Library/CloudStorage/OneDrive-UMCUtrecht/Documenten/PhD%20Documents/Projecten/SlideToolkit/CellProfiler%20upgrade_study/SMA/summary/AE9.T02-7170.SMA.20141128.X8000.Y26000.normalized.normalized.tile.tissue.png,0,AE9,SMA,0,T02-7170,X8000,Y26000,0,244.4255319148936,402.48936170212767,0,119,0
1,120,20141128,file:/Users/tpeters4/Library/CloudStorage/OneDrive-UMCUtrecht/Documenten/PhD%20Documents/Projecten/SlideToolkit/CellProfiler%20upgrade_study/SMA/summary/AE9.T02-7170.SMA.20141128.X8000.Y26000.normalized.normalized.tile.tissue.png,0,AE9,SMA,0,T02-7170,X8000,Y26000,0,55.91860465116279,404.4767441860465,0,120,0
1,121,20141128,file:/Users/tpeters4/Library/CloudStorage/OneDrive-UMCUtrecht/Documenten/PhD%20Documents/Projecten/SlideToolkit/CellProfiler%20upgrade_study/SMA/summary/AE9.T02-7170.SMA.20141128.X8000.Y26000.normalized.normalized.tile.tissue.png,0,AE9,SMA,0,T02-7170,X8000,Y26000,0,1921.0804597701149,409.86206896551727,0,121,0
1,122,20141128,file:/Users/tpeters4/Library/CloudStorage/OneDrive-UMCUtrecht/Documenten/PhD%20Documents/Projecten/SlideToolkit/CellProfiler%20upgrade_study/SMA/summary/AE9.T02-7170.SMA.20141128.X8000.Y26000.normalized.normalized.tile.tissue.png,0,AE9,SMA,0,T02-7170,X8000,Y26000,0,482.775,405.35,0,122,0
1,123,20141128,file:/Users/tpeters4/Library/CloudStorage/OneDrive-UMCUtrecht/Documenten/PhD%20Documents/Projecten/SlideToolkit/CellProfiler%20upgrade_study/SMA/summary/AE9.T02-7170.SMA.20141128.X8000.Y26000.normalized.normalized.tile.tissue.png,0,AE9,SMA,0,T02-7170,X8000,Y26000,0,171.0,410.26,0,123,0
1,124,20141128,file:/Users/tpeters4/Library/CloudStorage/OneDrive-UMCUtrecht/Documenten/PhD%20Documents/Projecten/SlideToolkit/CellProfiler%20upgrade_study/SMA/summary/AE9.T02-7170.SMA.20141128.X8000.Y26000.normalized.normalized.tile.tissue.png,0,AE9,SMA,0,T02-7170,X8000,Y26000,0,399.475,417.35,0,124,0
1,125,20141128,file:/Users/tpeters4/Library/CloudStorage/OneDrive-UMCUtrecht/Documenten/PhD%20Documents/Projecten/SlideToolkit/CellProfiler%20upgrade_study/SMA/summary/AE9.T02-7170.SMA.20141128.X8000.Y26000.normalized.normalized.tile.tissue.png,0,AE9,SMA,0,T02-7170,X8000,Y26000,0,1968.5652173913043,434.4492753623188,0,125,0
1,126,20141128,file:/Users/tpeters4/Library/CloudStorage/OneDrive-UMCUtrecht/Documenten/PhD%20Documents/Projecten/SlideToolkit/CellProfiler%20upgrade_study/SMA/summary/AE9.T02-7170.SMA.20141128.X8000.Y26000.normalized.normalized.tile.tissue.png,0,AE9,SMA,0,T02-7170,X8000,Y26000,0,261.82142857142856,437.51785714285717,0,126,0
1,127,20141128,file:/Users/tpeters4/Library/CloudStorage/OneDrive-UMCUtrecht/Documenten/PhD%20Documents/Projecten/SlideToolkit/CellProfiler%20upgrade_study/SMA/summary/AE9.T02-7170.SMA.20141128.X8000.Y26000.normalized.normalized.tile.tissue.png,0,AE9,SMA,0,T02-7170,X8000,Y26000,0,273.8095238095238,435.5,0,127,0
1,128,20141128,file:/Users/tpeters4/Library/CloudStorage/OneDrive-UMCUtrecht/Documenten/PhD%20Documents/Projecten/SlideToolkit/CellProfiler%20upgrade_study/SMA/summary/AE9.T02-7170.SMA.20141128.X8000.Y26000.normalized.normalized.tile.tissue.png,0,AE9,SMA,0,T02-7170,X8000,Y26000,0,24.45098039215686,440.2352941176471,0,128,0
1,129,20141128,file:/Users/tpeters4/Library/CloudStorage/OneDrive-UMCUtrecht/Documenten/PhD%20Documents/Projecten/SlideToolkit/CellProfiler%20upgrade_study/SMA/summary/AE9.T02-7170.SMA.20141128.X8000.Y26000.normalized.normalized.tile.tissue.png,0,AE9,SMA,0,T02-7170,X8000,Y26000,1,1589.723404255319,446.8936170212766,0,129,390
1,130,20141128,file:/Users/tpeters4/Library/CloudStorage/OneDrive-UMCUtrecht/Documenten/PhD%20Documents/Projecten/SlideToolkit/CellProfiler%20upgrade_study/SMA/summary/AE9.T02-7170.SMA.20141128.X8000.Y26000.normalized.normalized.tile.tissue.png,0,AE9,SMA,0,T02-7170,X8000,Y26000,1,1903.3647798742138,454.45283018867923,0,130,385
1,131,20141128,file:/Users/tpeters4/Library/CloudStorage/OneDrive-UMCUtrecht/Documenten/PhD%20Documents/Projecten/SlideToolkit/CellProfiler%20upgrade_study/SMA/summary/AE9.T02-7170.SMA.20141128.X8000.Y26000.normalized.normalized.tile.tissue.png,0,AE9,SMA,0,T02-7170,X8000,Y26000,0,53.824561403508774,457.50877192982455,0,131,0
1,132,20141128,file:/Users/tpeters4/Library/CloudStorage/OneDrive-UMCUtrecht/Documenten/PhD%20Documents/Projecten/SlideToolkit/CellProfiler%20upgrade_study/SMA/summary/AE9.T02-7170.SMA.20141128.X8000.Y26000.normalized.normalized.tile.tissue.png,0,AE9,SMA,0,T02-7170,X8000,Y26000,1,103.68518518518519,454.4259259259259,0,132,398
1,133,20141128,file:/Users/tpeters4/Library/CloudStorage/OneDrive-UMCUtrecht/Documenten/PhD%20Documents/Projecten/SlideToolkit/CellProfiler%20upgrade_study/SMA/summary/AE9.T02-7170.SMA.20141128.X8000.Y26000.normalized.normalized.tile.tissue.png,0,AE9,SMA,0,T02-7170,X8000,Y26000,0,887.4705882352941,467.4313725490196,0,133,0
1,134,20141128,file:/Users/tpeters4/Library/CloudStorage/OneDrive-UMCUtrecht/Documenten/PhD%20Documents/Projecten/SlideToolkit/CellProfiler%20upgrade_study/SMA/summary/AE9.T02-7170.SMA.20141128.X8000.Y26000.normalized.normalized.tile.tissue.png,0,AE9,SMA,0,T02-7170,X8000,Y26000,0,276.25,469.025,0,134,0
1,135,20141128,file:/Users/tpeters4/Library/CloudStorage/OneDrive-UMCUtrecht/Documenten/PhD%20Documents/Projecten/SlideToolkit/CellProfiler%20upgrade_study/SMA/summary/AE9.T02-7170.SMA.20141128.X8000.Y26000.normalized.normalized.tile.tissue.png,0,AE9,SMA,0,T02-7170,X8000,Y26000,1,23.94871794871795,482.64102564102564,0,135,411
1,136,20141128,file:/Users/tpeters4/Library/CloudStorage/OneDrive-UMCUtrecht/Documenten/PhD%20Documents/Projecten/SlideToolkit/CellProfiler%20upgrade_study/SMA/summary/AE9.T02-7170.SMA.20141128.X8000.Y26000.normalized.normalized.tile.tissue.png,0,AE9,SMA,0,T02-7170,X8000,Y26000,0,1991.060606060606,488.3333333333333,0,136,0
1,137,20141128,file:/Users/tpeters4/Library/CloudStorage/OneDrive-UMCUtrecht/Documenten/PhD%20Documents/Projecten/SlideToolkit/CellProfiler%20upgrade_study/SMA/summary/AE9.T02-7170.SMA.20141128.X8000.Y26000.normalized.normalized.tile.tissue.png,0,AE9,SMA,0,T02-7170,X8000,Y26000,1,1724.2645502645503,495.8412698412698,0,137,416
1,138,20141128,file:/Users/tpeters4/Library/CloudStorage/OneDrive-UMCUtrecht/Documenten/PhD%20Documents/Projecten/SlideToolkit/CellProfiler%20upgrade_study/SMA/summary/AE9.T02-7170.SMA.20141128.X8000.Y26000.normalized.normalized.tile.tissue.png,0,AE9,SMA,0,T02-7170,X8000,Y26000,0,1975.6511627906978,495.8139534883721,0,138,0
1,139,20141128,file:/Users/tpeters4/Library/CloudStorage/OneDrive-UMCUtrecht/Documenten/PhD%20Documents/Projecten/SlideToolkit/CellProfiler%20upgrade_study/SMA/summary/AE9.T02-7170.SMA.20141128.X8000.Y26000.normalized.normalized.tile.tissue.png,0,AE9,SMA,0,T02-7170,X8000,Y26000,1,1033.0,503.88235294117646,0,139,429
1,140,20141128,file:/Users/tpeters4/Library/CloudStorage/OneDrive-UMCUtrecht/Documenten/PhD%20Documents/Projecten/SlideToolkit/CellProfiler%20upgrade_study/SMA/summary/AE9.T02-7170.SMA.20141128.X8000.Y26000.normalized.normalized.tile.tissue.png,0,AE9,SMA,0,T02-7170,X8000,Y26000,0,528.8269230769231,511.03846153846155,0,140,0
1,141,20141128,file:/Users/tpeters4/Library/CloudStorage/OneDrive-UMCUtrecht/Documenten/PhD%20Documents/Projecten/SlideToolkit/CellProfiler%20upgrade_study/SMA/summary/AE9.T02-7170.SMA.20141128.X8000.Y26000.normalized.normalized.tile.tissue.png,0,AE9,SMA,0,T02-7170,X8000,Y26000,0,1524.4489795918366,513.4897959183673,0,141,0
1,142,20141128,file:/Users/tpeters4/Library/CloudStorage/OneDrive-UMCUtrecht/Documenten/PhD%20Documents/Projecten/SlideToolkit/CellProfiler%20upgrade_study/SMA/summary/AE9.T02-7170.SMA.20141128.X8000.Y26000.normalized.normalized.tile.tissue.png,0,AE9,SMA,0,T02-7170,X8000,Y26000,0,1267.7763157894738,518.1184210526316,0,142,0
1,143,20141128,file:/Users/tpeters4/Library/CloudStorage/OneDrive-UMCUtrecht/Documenten/PhD%20Documents/Projecten/SlideToolkit/CellProfiler%20upgrade_study/SMA/summary/AE9.T02-7170.SMA.20141128.X8000.Y26000.normalized.normalized.tile.tissue.png,0,AE9,SMA,0,T02-7170,X8000,Y26000,0,596.1283783783783,527.6486486486486,0,143,0
1,144,20141128,file:/Users/tpeters4/Library/CloudStorage/OneDrive-UMCUtrecht/Documenten/PhD%20Documents/Projecten/SlideToolkit/CellProfiler%20upgrade_study/SMA/summary/AE9.T02-7170.SMA.20141128.X8000.Y26000.normalized.normalized.tile.tissue.png,0,AE9,SMA,0,T02-7170,X8000,Y26000,0,568.0666666666667,526.4,0,144,0
1,145,20141128,file:/Users/tpeters4/Library/CloudStorage/OneDrive-UMCUtrecht/Documenten/PhD%20Documents/Projecten/SlideToolkit/CellProfiler%20upgrade_study/SMA/summary/AE9.T02-7170.SMA.20141128.X8000.Y26000.normalized.normalized.tile.tissue.png,0,AE9,SMA,0,T02-7170,X8000,Y26000,1,1898.6727272727273,529.4545454545455,0,145,449
1,146,20141128,file:/Users/tpeters4/Library/CloudStorage/OneDrive-UMCUtrecht/Documenten/PhD%20Documents/Projecten/SlideToolkit/CellProfiler%20upgrade_study/SMA/summary/AE9.T02-7170.SMA.20141128.X8000.Y26000.normalized.normalized.tile.tissue.png,0,AE9,SMA,0,T02-7170,X8000,Y26000,1,1679.6666666666667,545.5238095238095,0,146,464
1,147,20141128,file:/Users/tpeters4/Library/CloudStorage/OneDrive-UMCUtrecht/Documenten/PhD%20Documents/Projecten/SlideToolkit/CellProfiler%20upgrade_study/SMA/summary/AE9.T02-7170.SMA.20141128.X8000.Y26000.normalized.normalized.tile.tissue.png,0,AE9,SMA,0,T02-7170,X8000,Y26000,1,965.4871794871794,561.0940170940171,0,147,457
1,148,20141128,file:/Users/tpeters4/Library/CloudStorage/OneDrive-UMCUtrecht/Documenten/PhD%20Documents/Projecten/SlideToolkit/CellProfiler%20upgrade_study/SMA/summary/AE9.T02-7170.SMA.20141128.X8000.Y26000.normalized.normalized.tile.tissue.png,0,AE9,SMA,0,T02-7170,X8000,Y26000,0,1745.1875,559.1666666666666,0,148,0
1,149,20141128,file:/Users/tpeters4/Library/CloudStorage/OneDrive-UMCUtrecht/Documenten/PhD%20Documents/Projecten/SlideToolkit/CellProfiler%20upgrade_study/SMA/summary/AE9.T02-7170.SMA.20141128.X8000.Y26000.normalized.normalized.tile.tissue.png,0,AE9,SMA,0,T02-7170,X8000,Y26000,1,1955.2857142857142,563.7619047619048,0,149,480
1,150,20141128,file:/Users/tpeters4/Library/CloudStorage/OneDrive-UMCUtrecht/Documenten/PhD%20Documents/Projecten/SlideToolkit/CellProfiler%20upgrade_study/SMA/summary/AE9.T02-7170.SMA.20141128.X8000.Y26000.normalized.normalized.tile.tissue.png,0,AE9,SMA,0,T02-7170,X8000,Y26000,1,1239.4166666666667,572.3846153846154,0,150,496
1,151,20141128,file:/Users/tpeters4/Library/CloudStorage/OneDrive-UMCUtrecht/Documenten/PhD%20Documents/Projecten/SlideToolkit/CellProfiler%20upgrade_study/SMA/summary/AE9.T02-7170.SMA.20141128.X8000.Y26000.normalized.normalized.tile.tissue.png,0,AE9,SMA,0,T02-7170,X8000,Y26000,0,684.917808219178,570.5753424657535,0,151,0
1,152,20141128,file:/Users/tpeters4/Library/CloudStorage/OneDrive-UMCUtrecht/Documenten/PhD%20Documents/Projecten/SlideToolkit/CellProfiler%20upgrade_study/SMA/summary/AE9.T02-7170.SMA.20141128.X8000.Y26000.normalized.normalized.tile.tissue.png,0,AE9,SMA,0,T02-7170,X8000,Y26000,1,934.05,573.125,0,152,457
1,153,20141128,file:/Users/tpeters4/Library/CloudStorage/OneDrive-UMCUtrecht/Documenten/PhD%20Documents/Projecten/SlideToolkit/CellProfiler%20upgrade_study/SMA/summary/AE9.T02-7170.SMA.20141128.X8000.Y26000.normalized.normalized.tile.tissue.png,0,AE9,SMA,0,T02-7170,X8000,Y26000,0,653.8730158730159,586.531746031746,0,153,0
1,154,20141128,file:/Users/tpeters4/Library/CloudStorage/OneDrive-UMCUtrecht/Documenten/PhD%20Documents/Projecten/SlideToolkit/CellProfiler%20upgrade_study/SMA/summary/AE9.T02-7170.SMA.20141128.X8000.Y26000.normalized.normalized.tile.tissue.png,0,AE9,SMA,0,T02-7170,X8000,Y26000,0,623.7446808510638,589.6808510638298,0,154,0
1,155,20141128,file:/Users/tpeters4/Library/CloudStorage/OneDrive-UMCUtrecht/Documenten/PhD%20Documents/Projecten/SlideToolkit/CellProfiler%20upgrade_study/SMA/summary/AE9.T02-7170.SMA.20141128.X8000.Y26000.normalized.normalized.tile.tissue.png,0,AE9,SMA,0,T02-7170,X8000,Y26000,1,945.829268292683,605.0,0,155,506
1,156,20141128,file:/Users/tpeters4/Library/CloudStorage/OneDrive-UMCUtrecht/Documenten/PhD%20Documents/Projecten/SlideToolkit/CellProfiler%20upgrade_study/SMA/summary/AE9.T02-7170.SMA.20141128.X8000.Y26000.normalized.normalized.tile.tissue.png,0,AE9,SMA,0,T02-7170,X8000,Y26000,0,1793.5555555555557,606.1666666666666,0,156,0
1,157,20141128,file:/Users/tpeters4/Library/CloudStorage/OneDrive-UMCUtrecht/Documenten/PhD%20Documents/Projecten/SlideToolkit/CellProfiler%20upgrade_study/SMA/summary/AE9.T02-7170.SMA.20141128.X8000.Y26000.normalized.normalized.tile.tissue.png,0,AE9,SMA,0,T02-7170,X8000,Y26000,1,937.6046511627907,611.5116279069767,0,157,506
1,158,20141128,file:/Users/tpeters4/Library/CloudStorage/OneDrive-UMCUtrecht/Documenten/PhD%20Documents/Projecten/SlideToolkit/CellProfiler%20upgrade_study/SMA/summary/AE9.T02-7170.SMA.20141128.X8000.Y26000.normalized.normalized.tile.tissue.png,0,AE9,SMA,0,T02-7170,X8000,Y26000,0,636.5714285714286,614.2857142857143,0,158,0
1,159,20141128,file:/Users/tpeters4/Library/CloudStorage/OneDrive-UMCUtrecht/Documenten/PhD%20Documents/Projecten/SlideToolkit/CellProfiler%20upgrade_study/SMA/summary/AE9.T02-7170.SMA.20141128.X8000.Y26000.normalized.normalized.tile.tissue.png,0,AE9,SMA,0,T02-7170,X8000,Y26000,1,662.6909090909091,622.3636363636364,0,159,534
1,160,20141128,file:/Users/tpeters4/Library/CloudStorage/OneDrive-UMCUtrecht/Documenten/PhD%20Documents/Projecten/SlideToolkit/CellProfiler%20upgrade_study/SMA/summary/AE9.T02-7170.SMA.20141128.X8000.Y26000.normalized.normalized.tile.tissue.png,0,AE9,SMA,0,T02-7170,X8000,Y26000,0,435.8780487804878,619.1951219512196,0,160,0
1,161,20141128,file:/Users/tpeters4/Library/CloudStorage/OneDrive-UMCUtrecht/Documenten/PhD%20Documents/Projecten/SlideToolkit/CellProfiler%20upgrade_study/SMA/summary/AE9.T02-7170.SMA.20141128.X8000.Y26000.normalized.normalized.tile.tissue.png,0,AE9,SMA,0,T02-7170,X8000,Y26000,1,199.47916666666666,632.0625,0,161,540
1,162,20141128,file:/Users/tpeters4/Library/CloudStorage/OneDrive-UMCUtrecht/Documenten/PhD%20Documents/Projecten/SlideToolkit/CellProfiler%20upgrade_study/SMA/summary/AE9.T02-7170.SMA.20141128.X8000.Y26000.normalized.normalized.tile.tissue.png,0,AE9,SMA,0,T02-7170,X8000,Y26000,0,1078.72,639.2,0,162,0
1,163,20141128,file:/Users/tpeters4/Library/CloudStorage/OneDrive-UMCUtrecht/Documenten/PhD%20Documents/Projecten/SlideToolkit/CellProfiler%20upgrade_study/SMA/summary/AE9.T02-7170.SMA.20141128.X8000.Y26000.normalized.normalized.tile.tissue.png,0,AE9,SMA,0,T02-7170,X8000,Y26000,0,494.98275862068965,644.9310344827586,0,163,0
1,164,20141128,file:/Users/tpeters4/Library/CloudStorage/OneDrive-UMCUtrecht/Documenten/PhD%20Documents/Projecten/SlideToolkit/CellProfiler%20upgrade_study/SMA/summary/AE9.T02-7170.SMA.20141128.X8000.Y26000.normalized.normalized.tile.tissue.png,0,AE9,SMA,0,T02-7170,X8000,Y26000,1,1294.3260869565217,654.5217391304348,0,164,399
1,165,20141128,file:/Users/tpeters4/Library/CloudStorage/OneDrive-UMCUtrecht/Documenten/PhD%20Documents/Projecten/SlideToolkit/CellProfiler%20upgrade_study/SMA/summary/AE9.T02-7170.SMA.20141128.X8000.Y26000.normalized.normalized.tile.tissue.png,0,AE9,SMA,0,T02-7170,X8000,Y26000,0,539.0,652.1875,0,165,0
1,166,20141128,file:/Users/tpeters4/Library/CloudStorage/OneDrive-UMCUtrecht/Documenten/PhD%20Documents/Projecten/SlideToolkit/CellProfiler%20upgrade_study/SMA/summary/AE9.T02-7170.SMA.20141128.X8000.Y26000.normalized.normalized.tile.tissue.png,0,AE9,SMA,0,T02-7170,X8000,Y26000,0,1112.4871794871794,658.2051282051282,0,166,0
1,167,20141128,file:/Users/tpeters4/Library/CloudStorage/OneDrive-UMCUtrecht/Documenten/PhD%20Documents/Projecten/SlideToolkit/CellProfiler%20upgrade_study/SMA/summary/AE9.T02-7170.SMA.20141128.X8000.Y26000.normalized.normalized.tile.tissue.png,0,AE9,SMA,0,T02-7170,X8000,Y26000,0,1235.3389830508474,659.4745762711865,0,167,0
1,168,20141128,file:/Users/tpeters4/Library/CloudStorage/OneDrive-UMCUtrecht/Documenten/PhD%20Documents/Projecten/SlideToolkit/CellProfiler%20upgrade_study/SMA/summary/AE9.T02-7170.SMA.20141128.X8000.Y26000.normalized.normalized.tile.tissue.png,0,AE9,SMA,0,T02-7170,X8000,Y26000,0,429.47727272727275,700.3636363636364,0,168,0
1,169,20141128,file:/Users/tpeters4/Library/CloudStorage/OneDrive-UMCUtrecht/Documenten/PhD%20Documents/Projecten/SlideToolkit/CellProfiler%20upgrade_study/SMA/summary/AE9.T02-7170.SMA.20141128.X8000.Y26000.normalized.normalized.tile.tissue.png,0,AE9,SMA,0,T02-7170,X8000,Y26000,0,1484.6,706.5333333333333,0,169,0
1,170,20141128,file:/Users/tpeters4/Library/CloudStorage/OneDrive-UMCUtrecht/Documenten/PhD%20Documents/Projecten/SlideToolkit/CellProfiler%20upgrade_study/SMA/summary/AE9.T02-7170.SMA.20141128.X8000.Y26000.normalized.normalized.tile.tissue.png,0,AE9,SMA,0,T02-7170,X8000,Y26000,0,630.974358974359,707.1282051282051,0,170,0
1,171,20141128,file:/Users/tpeters4/Library/CloudStorage/OneDrive-UMCUtrecht/Documenten/PhD%20Documents/Projecten/SlideToolkit/CellProfiler%20upgrade_study/SMA/summary/AE9.T02-7170.SMA.20141128.X8000.Y26000.normalized.normalized.tile.tissue.png,0,AE9,SMA,0,T02-7170,X8000,Y26000,1,833.8088235294117,721.0294117647059,0,171,578
1,172,20141128,file:/Users/tpeters4/Library/CloudStorage/OneDrive-UMCUtrecht/Documenten/PhD%20Documents/Projecten/SlideToolkit/CellProfiler%20upgrade_study/SMA/summary/AE9.T02-7170.SMA.20141128.X8000.Y26000.normalized.normalized.tile.tissue.png,0,AE9,SMA,0,T02-7170,X8000,Y26000,0,606.4090909090909,744.4090909090909,0,172,0
1,173,20141128,file:/Users/tpeters4/Library/CloudStorage/OneDrive-UMCUtrecht/Documenten/PhD%20Documents/Projecten/SlideToolkit/CellProfiler%20upgrade_study/SMA/summary/AE9.T02-7170.SMA.20141128.X8000.Y26000.normalized.normalized.tile.tissue.png,0,AE9,SMA,0,T02-7170,X8000,Y26000,0,1609.3636363636363,770.9454545454546,0,173,0
1,174,20141128,file:/Users/tpeters4/Library/CloudStorage/OneDrive-UMCUtrecht/Documenten/PhD%20Documents/Projecten/SlideToolkit/CellProfiler%20upgrade_study/SMA/summary/AE9.T02-7170.SMA.20141128.X8000.Y26000.normalized.normalized.tile.tissue.png,0,AE9,SMA,0,T02-7170,X8000,Y26000,0,1282.9268292682927,781.6341463414634,0,174,0
1,175,20141128,file:/Users/tpeters4/Library/CloudStorage/OneDrive-UMCUtrecht/Documenten/PhD%20Documents/Projecten/SlideToolkit/CellProfiler%20upgrade_study/SMA/summary/AE9.T02-7170.SMA.20141128.X8000.Y26000.normalized.normalized.tile.tissue.png,0,AE9,SMA,0,T02-7170,X8000,Y26000,1,1787.2368421052631,787.4342105263158,0,175,579
1,176,20141128,file:/Users/tpeters4/Library/CloudStorage/OneDrive-UMCUtrecht/Documenten/PhD%20Documents/Projecten/SlideToolkit/CellProfiler%20upgrade_study/SMA/summary/AE9.T02-7170.SMA.20141128.X8000.Y26000.normalized.normalized.tile.tissue.png,0,AE9,SMA,0,T02-7170,X8000,Y26000,1,1991.05,793.525,0,176,507
1,177,20141128,file:/Users/tpeters4/Library/CloudStorage/OneDrive-UMCUtrecht/Documenten/PhD%20Documents/Projecten/SlideToolkit/CellProfiler%20upgrade_study/SMA/summary/AE9.T02-7170.SMA.20141128.X8000.Y26000.normalized.normalized.tile.tissue.png,0,AE9,SMA,0,T02-7170,X8000,Y26000,1,1894.2558139534883,806.7209302325581,0,177,637
1,178,20141128,file:/Users/tpeters4/Library/CloudStorage/OneDrive-UMCUtrecht/Documenten/PhD%20Documents/Projecten/SlideToolkit/CellProfiler%20upgrade_study/SMA/summary/AE9.T02-7170.SMA.20141128.X8000.Y26000.normalized.normalized.tile.tissue.png,0,AE9,SMA,0,T02-7170,X8000,Y26000,1,1901.3529411764705,830.0588235294117,0,178,657
1,179,20141128,file:/Users/tpeters4/Library/CloudStorage/OneDrive-UMCUtrecht/Documenten/PhD%20Documents/Projecten/SlideToolkit/CellProfiler%20upgrade_study/SMA/summary/AE9.T02-7170.SMA.20141128.X8000.Y26000.normalized.normalized.tile.tissue.png,0,AE9,SMA,0,T02-7170,X8000,Y26000,0,1479.8181818181818,840.0227272727273,0,179,0
1,180,20141128,file:/Users/tpeters4/Library/CloudStorage/OneDrive-UMCUtrecht/Documenten/PhD%20Documents/Projecten/SlideToolkit/CellProfiler%20upgrade_study/SMA/summary/AE9.T02-7170.SMA.20141128.X8000.Y26000.normalized.normalized.tile.tissue.png,0,AE9,SMA,0,T02-7170,X8000,Y26000,1,792.575,843.75,0,180,660
1,181,20141128,file:/Users/tpeters4/Library/CloudStorage/OneDrive-UMCUtrecht/Documenten/PhD%20Documents/Projecten/SlideToolkit/CellProfiler%20upgrade_study/SMA/summary/AE9.T02-7170.SMA.20141128.X8000.Y26000.normalized.normalized.tile.tissue.png,0,AE9,SMA,0,T02-7170,X8000,Y26000,0,690.7457627118644,847.4067796610169,0,181,0
1,182,20141128,file:/Users/tpeters4/Library/CloudStorage/OneDrive-UMCUtrecht/Documenten/PhD%20Documents/Projecten/SlideToolkit/CellProfiler%20upgrade_study/SMA/summary/AE9.T02-7170.SMA.20141128.X8000.Y26000.normalized.normalized.tile.tissue.png,0,AE9,SMA,0,T02-7170,X8000,Y26000,0,627.0454545454545,860.4318181818181,0,182,0
1,183,20141128,file:/Users/tpeters4/Library/CloudStorage/OneDrive-UMCUtrecht/Documenten/PhD%20Documents/Projecten/SlideToolkit/CellProfiler%20upgrade_study/SMA/summary/AE9.T02-7170.SMA.20141128.X8000.Y26000.normalized.normalized.tile.tissue.png,0,AE9,SMA,0,T02-7170,X8000,Y26000,0,1505.017543859649,858.7017543859649,0,183,0
1,184,20141128,file:/Users/tpeters4/Library/CloudStorage/OneDrive-UMCUtrecht/Documenten/PhD%20Documents/Projecten/SlideToolkit/CellProfiler%20upgrade_study/SMA/summary/AE9.T02-7170.SMA.20141128.X8000.Y26000.normalized.normalized.tile.tissue.png,0,AE9,SMA,0,T02-7170,X8000,Y26000,0,1015.0238095238095,863.8571428571429,0,184,0
1,185,20141128,file:/Users/tpeters4/Library/CloudStorage/OneDrive-UMCUtrecht/Documenten/PhD%20Documents/Projecten/SlideToolkit/CellProfiler%20upgrade_study/SMA/summary/AE9.T02-7170.SMA.20141128.X8000.Y26000.normalized.normalized.tile.tissue.png,0,AE9,SMA,0,T02-7170,X8000,Y26000,0,5.790697674418604,880.2093023255813,0,185,0
1,186,20141128,file:/Users/tpeters4/Library/CloudStorage/OneDrive-UMCUtrecht/Documenten/PhD%20Documents/Projecten/SlideToolkit/CellProfiler%20upgrade_study/SMA/summary/AE9.T02-7170.SMA.20141128.X8000.Y26000.normalized.normalized.tile.tissue.png,0,AE9,SMA,0,T02-7170,X8000,Y26000,0,798.3333333333334,899.156862745098,0,186,0
1,187,20141128,file:/Users/tpeters4/Library/CloudStorage/OneDrive-UMCUtrecht/Documenten/PhD%20Documents/Projecten/SlideToolkit/CellProfiler%20upgrade_study/SMA/summary/AE9.T02-7170.SMA.20141128.X8000.Y26000.normalized.normalized.tile.tissue.png,0,AE9,SMA,0,T02-7170,X8000,Y26000,1,1247.546875,906.9921875,0,187,691
1,188,20141128,file:/Users/tpeters4/Library/CloudStorage/OneDrive-UMCUtrecht/Documenten/PhD%20Documents/Projecten/SlideToolkit/CellProfiler%20upgrade_study/SMA/summary/AE9.T02-7170.SMA.20141128.X8000.Y26000.normalized.normalized.tile.tissue.png,0,AE9,SMA,0,T02-7170,X8000,Y26000,1,1559.3815789473683,901.1578947368421,0,188,681
1,189,20141128,file:/Users/tpeters4/Library/CloudStorage/OneDrive-UMCUtrecht/Documenten/PhD%20Documents/Projecten/SlideToolkit/CellProfiler%20upgrade_study/SMA/summary/AE9.T02-7170.SMA.20141128.X8000.Y26000.normalized.normalized.tile.tissue.png,0,AE9,SMA,0,T02-7170,X8000,Y26000,1,1609.701754385965,912.0701754385965,0,189,687
1,190,20141128,file:/Users/tpeters4/Library/CloudStorage/OneDrive-UMCUtrecht/Documenten/PhD%20Documents/Projecten/SlideToolkit/CellProfiler%20upgrade_study/SMA/summary/AE9.T02-7170.SMA.20141128.X8000.Y26000.normalized.normalized.tile.tissue.png,0,AE9,SMA,0,T02-7170,X8000,Y26000,1,1688.704918032787,932.5573770491803,0,190,706
1,191,20141128,file:/Users/tpeters4/Library/CloudStorage/OneDrive-UMCUtrecht/Documenten/PhD%20Documents/Projecten/SlideToolkit/CellProfiler%20upgrade_study/SMA/summary/AE9.T02-7170.SMA.20141128.X8000.Y26000.normalized.normalized.tile.tissue.png,0,AE9,SMA,0,T02-7170,X8000,Y26000,0,904.765625,955.328125,0,191,0
1,192,20141128,file:/Users/tpeters4/Library/CloudStorage/OneDrive-UMCUtrecht/Documenten/PhD%20Documents/Projecten/SlideToolkit/CellProfiler%20upgrade_study/SMA/summary/AE9.T02-7170.SMA.20141128.X8000.Y26000.normalized.normalized.tile.tissue.png,0,AE9,SMA,0,T02-7170,X8000,Y26000,0,309.08,959.4,0,192,0
1,193,20141128,file:/Users/tpeters4/Library/CloudStorage/OneDrive-UMCUtrecht/Documenten/PhD%20Documents/Projecten/SlideToolkit/CellProfiler%20upgrade_study/SMA/summary/AE9.T02-7170.SMA.20141128.X8000.Y26000.normalized.normalized.tile.tissue.png,0,AE9,SMA,0,T02-7170,X8000,Y26000,1,1992.578947368421,966.6140350877193,0,193,726
1,194,20141128,file:/Users/tpeters4/Library/CloudStorage/OneDrive-UMCUtrecht/Documenten/PhD%20Documents/Projecten/SlideToolkit/CellProfiler%20upgrade_study/SMA/summary/AE9.T02-7170.SMA.20141128.X8000.Y26000.normalized.normalized.tile.tissue.png,0,AE9,SMA,0,T02-7170,X8000,Y26000,1,1744.3333333333333,970.3125,0,194,729
1,195,20141128,file:/Users/tpeters4/Library/CloudStorage/OneDrive-UMCUtrecht/Documenten/PhD%20Documents/Projecten/SlideToolkit/CellProfiler%20upgrade_study/SMA/summary/AE9.T02-7170.SMA.20141128.X8000.Y26000.normalized.normalized.tile.tissue.png,0,AE9,SMA,0,T02-7170,X8000,Y26000,1,1832.3882352941177,1001.7529411764706,0,195,746
1,196,20141128,file:/Users/tpeters4/Library/CloudStorage/OneDrive-UMCUtrecht/Documenten/PhD%20Documents/Projecten/SlideToolkit/CellProfiler%20upgrade_study/SMA/summary/AE9.T02-7170.SMA.20141128.X8000.Y26000.normalized.normalized.tile.tissue.png,0,AE9,SMA,0,T02-7170,X8000,Y26000,0,983.3076923076923,1003.123076923077,0,196,0
1,197,20141128,file:/Users/tpeters4/Library/CloudStorage/OneDrive-UMCUtrecht/Documenten/PhD%20Documents/Projecten/SlideToolkit/CellProfiler%20upgrade_study/SMA/summary/AE9.T02-7170.SMA.20141128.X8000.Y26000.normalized.normalized.tile.tissue.png,0,AE9,SMA,0,T02-7170,X8000,Y26000,1,1652.3469387755101,1004.8163265306123,0,197,737
1,198,20141128,file:/Users/tpeters4/Library/CloudStorage/OneDrive-UMCUtrecht/Documenten/PhD%20Documents/Projecten/SlideToolkit/CellProfiler%20upgrade_study/SMA/summary/AE9.T02-7170.SMA.20141128.X8000.Y26000.normalized.normalized.tile.tissue.png,0,AE9,SMA,0,T02-7170,X8000,Y26000,0,925.5576923076923,1005.2115384615385,0,198,0
1,199,20141128,file:/Users/tpeters4/Library/CloudStorage/OneDrive-UMCUtrecht/Documenten/PhD%20Documents/Projecten/SlideToolkit/CellProfiler%20upgrade_study/SMA/summary/AE9.T02-7170.SMA.20141128.X8000.Y26000.normalized.normalized.tile.tissue.png,0,AE9,SMA,0,T02-7170,X8000,Y26000,1,1789.6593406593406,1009.945054945055,0,199,751
1,200,20141128,file:/Users/tpeters4/Library/CloudStorage/OneDrive-UMCUtrecht/Documenten/PhD%20Documents/Projecten/SlideToolkit/CellProfiler%20upgrade_study/SMA/summary/AE9.T02-7170.SMA.20141128.X8000.Y26000.normalized.normalized.tile.tissue.png,0,AE9,SMA,0,T02-7170,X8000,Y26000,0,1084.9545454545455,1047.7954545454545,0,200,0
1,201,20141128,file:/Users/tpeters4/Library/CloudStorage/OneDrive-UMCUtrecht/Documenten/PhD%20Documents/Projecten/SlideToolkit/CellProfiler%20upgrade_study/SMA/summary/AE9.T02-7170.SMA.20141128.X8000.Y26000.normalized.normalized.tile.tissue.png,0,AE9,SMA,0,T02-7170,X8000,Y26000,0,1119.820512820513,1054.5128205128206,0,201,0
1,202,20141128,file:/Users/tpeters4/Library/CloudStorage/OneDrive-UMCUtrecht/Documenten/PhD%20Documents/Projecten/SlideToolkit/CellProfiler%20upgrade_study/SMA/summary/AE9.T02-7170.SMA.20141128.X8000.Y26000.normalized.normalized.tile.tissue.png,0,AE9,SMA,0,T02-7170,X8000,Y26000,0,287.1747572815534,1078.7087378640776,0,202,0
1,203,20141128,file:/Users/tpeters4/Library/CloudStorage/OneDrive-UMCUtrecht/Documenten/PhD%20Documents/Projecten/SlideToolkit/CellProfiler%20upgrade_study/SMA/summary/AE9.T02-7170.SMA.20141128.X8000.Y26000.normalized.normalized.tile.tissue.png,0,AE9,SMA,0,T02-7170,X8000,Y26000,0,1418.7045454545455,1070.0227272727273,0,203,0
1,204,20141128,file:/Users/tpeters4/Library/CloudStorage/OneDrive-UMCUtrecht/Documenten/PhD%20Documents/Projecten/SlideToolkit/CellProfiler%20upgrade_study/SMA/summary/AE9.T02-7170.SMA.20141128.X8000.Y26000.normalized.normalized.tile.tissue.png,0,AE9,SMA,0,T02-7170,X8000,Y26000,0,1378.72131147541,1073.344262295082,0,204,0
1,205,20141128,file:/Users/tpeters4/Library/CloudStorage/OneDrive-UMCUtrecht/Documenten/PhD%20Documents/Projecten/SlideToolkit/CellProfiler%20upgrade_study/SMA/summary/AE9.T02-7170.SMA.20141128.X8000.Y26000.normalized.normalized.tile.tissue.png,0,AE9,SMA,0,T02-7170,X8000,Y26000,1,1732.21875,1085.0625,0,205,779
1,206,20141128,file:/Users/tpeters4/Library/CloudStorage/OneDrive-UMCUtrecht/Documenten/PhD%20Documents/Projecten/SlideToolkit/CellProfiler%20upgrade_study/SMA/summary/AE9.T02-7170.SMA.20141128.X8000.Y26000.normalized.normalized.tile.tissue.png,0,AE9,SMA,0,T02-7170,X8000,Y26000,0,1720.4038461538462,1089.173076923077,0,206,0
1,207,20141128,file:/Users/tpeters4/Library/CloudStorage/OneDrive-UMCUtrecht/Documenten/PhD%20Documents/Projecten/SlideToolkit/CellProfiler%20upgrade_study/SMA/summary/AE9.T02-7170.SMA.20141128.X8000.Y26000.normalized.normalized.tile.tissue.png,0,AE9,SMA,0,T02-7170,X8000,Y26000,0,703.2272727272727,1091.4772727272727,0,207,0
1,208,20141128,file:/Users/tpeters4/Library/CloudStorage/OneDrive-UMCUtrecht/Documenten/PhD%20Documents/Projecten/SlideToolkit/CellProfiler%20upgrade_study/SMA/summary/AE9.T02-7170.SMA.20141128.X8000.Y26000.normalized.normalized.tile.tissue.png,0,AE9,SMA,0,T02-7170,X8000,Y26000,0,1486.4571428571428,1101.857142857143,0,208,0
1,209,20141128,file:/Users/tpeters4/Library/CloudStorage/OneDrive-UMCUtrecht/Documenten/PhD%20Documents/Projecten/SlideToolkit/CellProfiler%20upgrade_study/SMA/summary/AE9.T02-7170.SMA.20141128.X8000.Y26000.normalized.normalized.tile.tissue.png,0,AE9,SMA,0,T02-7170,X8000,Y26000,0,1167.015873015873,1105.3650793650793,0,209,0
1,210,20141128,file:/Users/tpeters4/Library/CloudStorage/OneDrive-UMCUtrecht/Documenten/PhD%20Documents/Projecten/SlideToolkit/CellProfiler%20upgrade_study/SMA/summary/AE9.T02-7170.SMA.20141128.X8000.Y26000.normalized.normalized.tile.tissue.png,0,AE9,SMA,0,T02-7170,X8000,Y26000,0,1408.5,1103.9423076923076,0,210,0
1,211,20141128,file:/Users/tpeters4/Library/CloudStorage/OneDrive-UMCUtrecht/Documenten/PhD%20Documents/Projecten/SlideToolkit/CellProfiler%20upgrade_study/SMA/summary/AE9.T02-7170.SMA.20141128.X8000.Y26000.normalized.normalized.tile.tissue.png,0,AE9,SMA,0,T02-7170,X8000,Y26000,0,408.4343434343434,1114.8989898989898,0,211,0
1,212,20141128,file:/Users/tpeters4/Library/CloudStorage/OneDrive-UMCUtrecht/Documenten/PhD%20Documents/Projecten/SlideToolkit/CellProfiler%20upgrade_study/SMA/summary/AE9.T02-7170.SMA.20141128.X8000.Y26000.normalized.normalized.tile.tissue.png,0,AE9,SMA,0,T02-7170,X8000,Y26000,0,1504.8639455782313,1117.4421768707482,0,212,0
1,213,20141128,file:/Users/tpeters4/Library/CloudStorage/OneDrive-UMCUtrecht/Documenten/PhD%20Documents/Projecten/SlideToolkit/CellProfiler%20upgrade_study/SMA/summary/AE9.T02-7170.SMA.20141128.X8000.Y26000.normalized.normalized.tile.tissue.png,0,AE9,SMA,0,T02-7170,X8000,Y26000,0,121.88636363636364,1117.8181818181818,0,213,0
1,214,20141128,file:/Users/tpeters4/Library/CloudStorage/OneDrive-UMCUtrecht/Documenten/PhD%20Documents/Projecten/SlideToolkit/CellProfiler%20upgrade_study/SMA/summary/AE9.T02-7170.SMA.20141128.X8000.Y26000.normalized.normalized.tile.tissue.png,0,AE9,SMA,0,T02-7170,X8000,Y26000,0,1400.4625850340135,1147.0544217687075,0,214,0
1,215,20141128,file:/Users/tpeters4/Library/CloudStorage/OneDrive-UMCUtrecht/Documenten/PhD%20Documents/Projecten/SlideToolkit/CellProfiler%20upgrade_study/SMA/summary/AE9.T02-7170.SMA.20141128.X8000.Y26000.normalized.normalized.tile.tissue.png,0,AE9,SMA,0,T02-7170,X8000,Y26000,0,1541.391304347826,1130.0652173913043,0,215,0
1,216,20141128,file:/Users/tpeters4/Library/CloudStorage/OneDrive-UMCUtrecht/Documenten/PhD%20Documents/Projecten/SlideToolkit/CellProfiler%20upgrade_study/SMA/summary/AE9.T02-7170.SMA.20141128.X8000.Y26000.normalized.normalized.tile.tissue.png,0,AE9,SMA,0,T02-7170,X8000,Y26000,0,110.08163265306122,1143.591836734694,0,216,0
1,217,20141128,file:/Users/tpeters4/Library/CloudStorage/OneDrive-UMCUtrecht/Documenten/PhD%20Documents/Projecten/SlideToolkit/CellProfiler%20upgrade_study/SMA/summary/AE9.T02-7170.SMA.20141128.X8000.Y26000.normalized.normalized.tile.tissue.png,0,AE9,SMA,0,T02-7170,X8000,Y26000,0,1972.566037735849,1163.2075471698113,0,217,0
1,218,20141128,file:/Users/tpeters4/Library/CloudStorage/OneDrive-UMCUtrecht/Documenten/PhD%20Documents/Projecten/SlideToolkit/CellProfiler%20upgrade_study/SMA/summary/AE9.T02-7170.SMA.20141128.X8000.Y26000.normalized.normalized.tile.tissue.png,0,AE9,SMA,0,T02-7170,X8000,Y26000,0,1960.5425531914893,1168.1914893617022,0,218,0
1,219,20141128,file:/Users/tpeters4/Library/CloudStorage/OneDrive-UMCUtrecht/Documenten/PhD%20Documents/Projecten/SlideToolkit/CellProfiler%20upgrade_study/SMA/summary/AE9.T02-7170.SMA.20141128.X8000.Y26000.normalized.normalized.tile.tissue.png,0,AE9,SMA,0,T02-7170,X8000,Y26000,0,1447.7291666666667,1173.1875,0,219,0
1,220,20141128,file:/Users/tpeters4/Library/CloudStorage/OneDrive-UMCUtrecht/Documenten/PhD%20Documents/Projecten/SlideToolkit/CellProfiler%20upgrade_study/SMA/summary/AE9.T02-7170.SMA.20141128.X8000.Y26000.normalized.normalized.tile.tissue.png,0,AE9,SMA,0,T02-7170,X8000,Y26000,0,1568.6976744186047,1183.7906976744187,0,220,0
1,221,20141128,file:/Users/tpeters4/Library/CloudStorage/OneDrive-UMCUtrecht/Documenten/PhD%20Documents/Projecten/SlideToolkit/CellProfiler%20upgrade_study/SMA/summary/AE9.T02-7170.SMA.20141128.X8000.Y26000.normalized.normalized.tile.tissue.png,0,AE9,SMA,0,T02-7170,X8000,Y26000,0,1590.4,1194.035294117647,0,221,0
1,222,20141128,file:/Users/tpeters4/Library/CloudStorage/OneDrive-UMCUtrecht/Documenten/PhD%20Documents/Projecten/SlideToolkit/CellProfiler%20upgrade_study/SMA/summary/AE9.T02-7170.SMA.20141128.X8000.Y26000.normalized.normalized.tile.tissue.png,0,AE9,SMA,0,T02-7170,X8000,Y26000,0,870.0454545454545,1207.7272727272727,0,222,0
1,223,20141128,file:/Users/tpeters4/Library/CloudStorage/OneDrive-UMCUtrecht/Documenten/PhD%20Documents/Projecten/SlideToolkit/CellProfiler%20upgrade_study/SMA/summary/AE9.T02-7170.SMA.20141128.X8000.Y26000.normalized.normalized.tile.tissue.png,0,AE9,SMA,0,T02-7170,X8000,Y26000,0,1204.5,1213.232142857143,0,223,0
1,224,20141128,file:/Users/tpeters4/Library/CloudStorage/OneDrive-UMCUtrecht/Documenten/PhD%20Documents/Projecten/SlideToolkit/CellProfiler%20upgrade_study/SMA/summary/AE9.T02-7170.SMA.20141128.X8000.Y26000.normalized.normalized.tile.tissue.png,0,AE9,SMA,0,T02-7170,X8000,Y26000,0,1758.661971830986,1214.5352112676057,0,224,0
1,225,20141128,file:/Users/tpeters4/Library/CloudStorage/OneDrive-UMCUtrecht/Documenten/PhD%20Documents/Projecten/SlideToolkit/CellProfiler%20upgrade_study/SMA/summary/AE9.T02-7170.SMA.20141128.X8000.Y26000.normalized.normalized.tile.tissue.png,0,AE9,SMA,0,T02-7170,X8000,Y26000,0,1917.729411764706,1212.6941176470589,0,225,0
1,226,20141128,file:/Users/tpeters4/Library/CloudStorage/OneDrive-UMCUtrecht/Documenten/PhD%20Documents/Projecten/SlideToolkit/CellProfiler%20upgrade_study/SMA/summary/AE9.T02-7170.SMA.20141128.X8000.Y26000.normalized.normalized.tile.tissue.png,0,AE9,SMA,0,T02-7170,X8000,Y26000,0,1687.5934065934066,1222.6263736263736,0,226,0
1,227,20141128,file:/Users/tpeters4/Library/CloudStorage/OneDrive-UMCUtrecht/Documenten/PhD%20Documents/Projecten/SlideToolkit/CellProfiler%20upgrade_study/SMA/summary/AE9.T02-7170.SMA.20141128.X8000.Y26000.normalized.normalized.tile.tissue.png,0,AE9,SMA,0,T02-7170,X8000,Y26000,0,1951.112676056338,1227.281690140845,0,227,0
1,228,20141128,file:/Users/tpeters4/Library/CloudStorage/OneDrive-UMCUtrecht/Documenten/PhD%20Documents/Projecten/SlideToolkit/CellProfiler%20upgrade_study/SMA/summary/AE9.T02-7170.SMA.20141128.X8000.Y26000.normalized.normalized.tile.tissue.png,0,AE9,SMA,0,T02-7170,X8000,Y26000,0,1256.4782608695652,1236.6666666666667,0,228,0
1,229,20141128,file:/Users/tpeters4/Library/CloudStorage/OneDrive-UMCUtrecht/Documenten/PhD%20Documents/Projecten/SlideToolkit/CellProfiler%20upgrade_study/SMA/summary/AE9.T02-7170.SMA.20141128.X8000.Y26000.normalized.normalized.tile.tissue.png,0,AE9,SMA,0,T02-7170,X8000,Y26000,0,1756.775,1235.5,0,229,0
1,230,20141128,file:/Users/tpeters4/Library/CloudStorage/OneDrive-UMCUtrecht/Documenten/PhD%20Documents/Projecten/SlideToolkit/CellProfiler%20upgrade_study/SMA/summary/AE9.T02-7170.SMA.20141128.X8000.Y26000.normalized.normalized.tile.tissue.png,0,AE9,SMA,0,T02-7170,X8000,Y26000,0,1606.6521739130435,1238.695652173913,0,230,0
1,231,20141128,file:/Users/tpeters4/Library/CloudStorage/OneDrive-UMCUtrecht/Documenten/PhD%20Documents/Projecten/SlideToolkit/CellProfiler%20upgrade_study/SMA/summary/AE9.T02-7170.SMA.20141128.X8000.Y26000.normalized.normalized.tile.tissue.png,0,AE9,SMA,0,T02-7170,X8000,Y26000,0,785.3614457831326,1903.7831325301204,0,231,0
1,232,20141128,file:/Users/tpeters4/Library/CloudStorage/OneDrive-UMCUtrecht/Documenten/PhD%20Documents/Projecten/SlideToolkit/CellProfiler%20upgrade_study/SMA/summary/AE9.T02-7170.SMA.20141128.X8000.Y26000.normalized.normalized.tile.tissue.png,0,AE9,SMA,0,T02-7170,X8000,Y26000,0,650.1951219512196,1913.341463414634,0,232,0
1,233,20141128,file:/Users/tpeters4/Library/CloudStorage/OneDrive-UMCUtrecht/Documenten/PhD%20Documents/Projecten/SlideToolkit/CellProfiler%20upgrade_study/SMA/summary/AE9.T02-7170.SMA.20141128.X8000.Y26000.normalized.normalized.tile.tissue.png,0,AE9,SMA,0,T02-7170,X8000,Y26000,0,589.7169811320755,1927.5849056603774,0,233,0
1,234,20141128,file:/Users/tpeters4/Library/CloudStorage/OneDrive-UMCUtrecht/Documenten/PhD%20Documents/Projecten/SlideToolkit/CellProfiler%20upgrade_study/SMA/summary/AE9.T02-7170.SMA.20141128.X8000.Y26000.normalized.normalized.tile.tissue.png,0,AE9,SMA,0,T02-7170,X8000,Y26000,1,630.85,1944.45,0,234,807
1,235,20141128,file:/Users/tpeters4/Library/CloudStorage/OneDrive-UMCUtrecht/Documenten/PhD%20Documents/Projecten/SlideToolkit/CellProfiler%20upgrade_study/SMA/summary/AE9.T02-7170.SMA.20141128.X8000.Y26000.normalized.normalized.tile.tissue.png,0,AE9,SMA,0,T02-7170,X8000,Y26000,0,652.9625,1941.3125,0,235,0
1,236,20141128,file:/Users/tpeters4/Library/CloudStorage/OneDrive-UMCUtrecht/Documenten/PhD%20Documents/Projecten/SlideToolkit/CellProfiler%20upgrade_study/SMA/summary/AE9.T02-7170.SMA.20141128.X8000.Y26000.normalized.normalized.tile.tissue.png,0,AE9,SMA,0,T02-7170,X8000,Y26000,0,845.4255319148937,1959.127659574468,0,236,0
1,237,20141128,file:/Users/tpeters4/Library/CloudStorage/OneDrive-UMCUtrecht/Documenten/PhD%20Documents/Projecten/SlideToolkit/CellProfiler%20upgrade_study/SMA/summary/AE9.T02-7170.SMA.20141128.X8000.Y26000.normalized.normalized.tile.tissue.png,0,AE9,SMA,0,T02-7170,X8000,Y26000,0,635.1269841269841,1960.4404761904761,0,237,0
1,238,20141128,file:/Users/tpeters4/Library/CloudStorage/OneDrive-UMCUtrecht/Documenten/PhD%20Documents/Projecten/SlideToolkit/CellProfiler%20upgrade_study/SMA/summary/AE9.T02-7170.SMA.20141128.X8000.Y26000.normalized.normalized.tile.tissue.png,0,AE9,SMA,0,T02-7170,X8000,Y26000,1,647.030303030303,1982.4166666666667,0,238,808
1,239,20141128,file:/Users/tpeters4/Library/CloudStorage/OneDrive-UMCUtrecht/Documenten/PhD%20Documents/Projecten/SlideToolkit/CellProfiler%20upgrade_study/SMA/summary/AE9.T02-7170.SMA.20141128.X8000.Y26000.normalized.normalized.tile.tissue.png,0,AE9,SMA,0,T02-7170,X8000,Y26000,0,606.7662337662338,1982.2077922077922,0,239,0
1,240,20141128,file:/Users/tpeters4/Library/CloudStorage/OneDrive-UMCUtrecht/Documenten/PhD%20Documents/Projecten/SlideToolkit/CellProfiler%20upgrade_study/SMA/summary/AE9.T02-7170.SMA.20141128.X8000.Y26000.normalized.normalized.tile.tissue.png,0,AE9,SMA,0,T02-7170,X8000,Y26000,1,674.6213592233009,1991.7281553398059,0,240,809
1,241,20141128,file:/Users/tpeters4/Library/CloudStorage/OneDrive-UMCUtrecht/Documenten/PhD%20Documents/Projecten/SlideToolkit/CellProfiler%20upgrade_study/SMA/summary/AE9.T02-7170.SMA.20141128.X8000.Y26000.normalized.normalized.tile.tissue.png,0,AE9,SMA,0,T02-7170,X8000,Y26000,0,603.6444444444444,1995.0,0,241,0
